date,temp_mean,temp_min,temp_max,precipitation,humidity,pm25,pm10,no2,o3,data_source,heat_index
2020-01-01,20.766595458984398,15.879998779296898,26.850305175781273,2.0004771649837494,79.84712164729156,18.29631093432394,29.402868422436196,13.41813346814381,31.1910224680382,Hybrid (Partial Temperature),20.766595458984398
2020-01-02,21.928399658203148,16.396264648437523,28.793786621093773,2.5080442428588867,70.11071012613549,26.236388048684972,45.78112737108689,10.398404507654739,29.739579524430244,Hybrid (Partial Temperature),21.928399658203148
2020-01-03,22.164483642578148,16.140863037109398,29.407678222656273,2.4881139397621155,63.79955883001182,22.391078346720725,42.11918487250122,18.646343915286522,40.39983782485535,Hybrid (Partial Temperature),22.164483642578148
2020-01-04,21.244287109375023,15.735894775390648,28.146173095703148,4.395315423607826,68.49050601197628,22.353725798918468,44.42486435250765,22.43486750741814,30.39436568932876,Hybrid (Partial Temperature),21.244287109375023
2020-01-05,21.149468994140648,15.099694824218773,26.800042724609398,0.49182213842868805,68.11177280903816,17.787187671721497,32.66447875663357,8.004436506229158,33.214521507707055,Hybrid (Partial Temperature),21.149468994140648
2020-01-06,23.176202392578148,16.814080810546898,29.843713378906273,1.5278197824954987,58.553074996781675,19.259911450798082,29.127108489763625,16.753554963182406,30.29932401592064,Hybrid (Partial Temperature),23.176202392578148
2020-01-07,20.660272216796898,17.343804931640648,25.708489990234398,14.926995150744915,73.35274781025166,31.480818352459224,54.543258857997046,12.554529866617447,27.788583849845057,Hybrid (Partial Temperature),20.660272216796898
2020-01-08,20.641046142578148,17.600976562500023,23.836602783203148,0.09846501052379608,67.46839515176329,20.965245418951895,40.124096083342096,24.697819009926288,35.02868162241516,Hybrid (Partial Temperature),20.641046142578148
2020-01-09,21.274926757812523,18.199914550781273,25.329064941406273,1.8512550741434097,77.41225535251272,28.09407907619628,49.312377496161474,20.55105546134375,36.5148567429808,Hybrid (Partial Temperature),21.274926757812523
2020-01-10,19.851007080078148,16.316979980468773,23.130487060546898,11.096786707639694,81.10087161327723,19.02351244738847,31.80833449713054,27.7274270195219,22.384291200516422,Hybrid (Partial Temperature),19.851007080078148
2020-01-11,19.014398193359398,15.813165283203148,22.990747070312523,2.9478948563337326,79.26064482672489,25.795024240817767,49.798647675561504,6.396468424017957,25.774016849038723,Hybrid (Partial Temperature),19.014398193359398
2020-01-12,21.193933105468773,15.305566406250023,26.876702880859398,0.6585773080587387,68.97321178836629,23.39976574766517,41.857406032924445,24.549350344836625,27.801247078061113,Hybrid (Partial Temperature),21.193933105468773
2020-01-13,19.706964111328148,14.639062500000023,25.471154785156273,12.644371017813683,75.66028663509333,20.096610144478234,35.21319237675792,18.52157983659226,33.09211697430171,Hybrid (Partial Temperature),19.706964111328148
2020-01-14,20.057672119140648,13.933923339843773,26.189782714843773,0.8302628993988037,64.71971850252476,25.523232917381353,44.49066714844178,12.380431132172603,36.34537642994721,Hybrid (Partial Temperature),20.057672119140648
2020-01-15,20.905206298828148,14.871179199218773,26.714410400390648,0.30331313610076904,62.49769541855539,14.729247504375756,27.112818550753808,20.955546704111036,51.078984585505495,Hybrid (Partial Temperature),20.905206298828148
2020-01-16,21.152459716796898,15.484857177734398,27.003747558593773,0.0,50.98820590588766,25.48637948454634,44.03132383149175,28.568563709213734,36.27969357286817,Hybrid (Partial Temperature),21.152459716796898
2020-01-17,21.583062744140648,14.742486572265648,27.236566162109398,0.0,58.22948470831538,26.71530097951657,47.64833997236571,28.91454751819616,32.93248704200728,Hybrid (Partial Temperature),21.583062744140648
2020-01-18,17.939660644531273,15.750177001953148,19.648004150390648,12.648504227399826,85.3417621101163,24.314320941877273,39.979010482261174,23.514380721094184,28.85477217295781,Hybrid (Partial Temperature),17.939660644531273
2020-01-19,19.786767578125023,15.885766601562523,25.123071289062523,9.975409135222435,78.25159359276944,29.67235138408684,47.058351818372685,10.894889236501697,42.70130545105876,Hybrid (Partial Temperature),19.786767578125023
2020-01-20,19.515008544921898,14.898248291015648,24.295892333984398,0.5226675420999527,71.57107747648426,22.94656628471738,43.82855302335281,20.083076160896155,34.96762372412239,Hybrid (Partial Temperature),19.515008544921898
2020-01-21,19.562005615234398,15.804559326171898,25.455865478515648,6.3836704939603806,82.244119671623,22.71121587010141,37.691506127988696,20.389518086530042,38.039178377861695,Hybrid (Partial Temperature),19.562005615234398
2020-01-22,21.415338134765648,16.493402099609398,28.209466552734398,0.29428116977214813,63.98855926792327,25.40240992440735,39.699706632322986,26.76579932728736,35.540434826500224,Hybrid (Partial Temperature),21.415338134765648
2020-01-23,20.723138427734398,15.515313720703148,28.194177246093773,20.65199613571167,69.83884080817728,28.13645081460734,44.7969160194975,16.997251032407505,40.18956983404193,Hybrid (Partial Temperature),20.723138427734398
2020-01-24,18.023797607421898,15.246087646484398,22.661065673828148,6.099855527281761,79.82815774617272,26.81818559778808,45.760701540572846,18.340621870229292,39.851919883625605,Hybrid (Partial Temperature),18.023797607421898
2020-01-25,18.775201416015648,14.944268798828148,24.455346679687523,3.9595719426870346,77.34591024220727,23.007286639312536,37.79437904126221,13.7378246515118,39.24864567976863,Hybrid (Partial Temperature),18.775201416015648
2020-01-26,21.186273193359398,15.727441406250023,26.858728027343773,0.809723511338234,71.492844814068,19.335836506083567,35.723757749869684,23.070262935997526,36.52229857859654,Hybrid (Partial Temperature),21.186273193359398
2020-01-27,20.754022216796898,14.011895751953148,27.651086425781273,0.07553771138191223,52.93515383389674,27.801199607499044,46.56563144912045,16.967520452641597,37.47087046328227,Hybrid (Partial Temperature),20.754022216796898
2020-01-28,18.802850341796898,13.952264404296898,25.356195068359398,1.7148200422525406,74.18531643299232,20.70792751240684,37.12776115388579,19.859437956886076,40.01181053548448,Hybrid (Partial Temperature),18.802850341796898
2020-01-29,21.119012451171898,13.373773193359398,27.757592773437523,0.0,60.857590176420885,20.736489598640322,32.83737765432406,15.353359122142226,21.78743812235888,Hybrid (Partial Temperature),21.119012451171898
2020-01-30,21.824487304687523,16.127893066406273,28.050256347656273,1.0055340826511383,61.02303705408245,21.72678411978653,34.07395412737507,19.05391082054599,37.134052221849494,Hybrid (Partial Temperature),21.824487304687523
2020-01-31,21.600396728515648,15.223107910156273,27.998773193359398,0.08739903569221497,52.32723769247984,25.460677595343267,49.72865910181544,11.243745135131292,45.47637994229321,Hybrid (Partial Temperature),21.600396728515648
2020-02-01,23.208642578125023,16.737939453125023,30.468133544921898,0.26387348771095276,48.08109140932861,21.362733794774933,41.27906293838897,20.016616602757306,34.00871801975489,Hybrid (Partial Temperature),23.208642578125023
2020-02-02,22.233026123046898,15.825952148437523,29.658990478515648,0.0,51.62518716664574,19.837756488307384,38.66115081475597,14.756450931063362,21.34912558305055,Hybrid (Partial Temperature),22.233026123046898
2020-02-03,21.712487792968773,14.649133300781273,28.289056396484398,0.013710930943489075,50.853908097062636,22.393814545734276,39.115622338566475,23.95416633178148,27.206249246388918,Hybrid (Partial Temperature),21.712487792968773
2020-02-04,22.092492675781273,14.515649414062523,28.057946777343773,0.07061287760734558,49.282618647827164,24.94298893506995,38.29293876490333,32.0757082086243,39.10210664029834,Hybrid (Partial Temperature),22.092492675781273
2020-02-05,22.574426269531273,16.564477539062523,28.501519775390648,0.1941584050655365,51.011791756253956,28.30243931519972,46.843186057057316,25.14836459152891,32.945927556045206,Hybrid (Partial Temperature),22.574426269531273
2020-02-06,21.286798095703148,17.254724121093773,26.457910156250023,5.940763279795647,67.54460256514999,26.53841500281223,51.50312845823448,11.474148542598368,39.992299859499695,Hybrid (Partial Temperature),21.286798095703148
2020-02-07,21.019647216796898,17.281060791015648,26.614373779296898,7.603177800774574,70.80070941205408,20.970477244888272,35.88577293153411,16.88388276421371,38.97945571210885,Hybrid (Partial Temperature),21.019647216796898
2020-02-08,17.110040283203148,14.343469238281273,19.135217285156273,7.1753449738025665,89.74026898450717,27.68639886449809,46.05448859128112,8.21662592394056,35.57746841942439,Hybrid (Partial Temperature),17.110040283203148
2020-02-09,20.646173095703148,13.921594238281273,26.503289794921898,0.47960877418518066,67.14970942260216,28.326709048794775,46.675290646222436,19.665166439556604,32.211501935031535,Hybrid (Partial Temperature),20.646173095703148
2020-02-10,20.082025146484398,15.660241699218773,26.191644287109398,1.8475502729415894,72.38783864196246,24.607451146359683,43.6713784620087,7.236423020277474,41.29333905377751,Hybrid (Partial Temperature),20.082025146484398
2020-02-11,18.826623535156273,14.059808349609398,23.493432617187523,0.3758743405342102,67.60128236583908,23.069814704546374,39.821697779554746,11.332260523952563,40.47597283711211,Hybrid (Partial Temperature),18.826623535156273
2020-02-12,18.399652099609398,12.474511718750023,24.240319824218773,2.073945477604866,72.80861666925406,23.23606435972975,39.20957612737123,27.501689474259397,39.125538306793196,Hybrid (Partial Temperature),18.399652099609398
2020-02-13,19.760766601562523,14.828912353515648,25.406610107421898,1.1629685759544373,69.83813168697324,24.727666075831735,42.321939033267945,25.941191200345145,47.285107004811024,Hybrid (Partial Temperature),19.760766601562523
2020-02-14,22.362695312500023,15.292352294921898,28.342279052734398,0.09838864207267761,54.98623349471854,38.62474313334124,63.08704244681895,9.357430132234361,42.10255041157332,Hybrid (Partial Temperature),22.362695312500023
2020-02-15,22.545190429687523,16.878717041015648,28.750390625000023,0.0,52.93741660292359,23.274219531388322,37.14359264311395,16.953985633863596,35.906597046444595,Hybrid (Partial Temperature),22.545190429687523
2020-02-16,21.860223388671898,16.162469482421898,27.554345703125023,4.284083843231201e-05,55.65125878442196,29.21482016470049,46.77071157551373,23.41651884258456,37.985908973849895,Hybrid (Partial Temperature),21.860223388671898
2020-02-17,22.779016113281273,15.876031494140648,29.232354736328148,0.0,54.992670799427415,24.478699264698296,37.18735956137402,23.005551142191123,40.53580775582615,Hybrid (Partial Temperature),22.779016113281273
2020-02-18,21.319757080078148,17.504296875000023,26.913018798828148,12.634661048650742,73.77139857469594,25.682781037997042,50.66704069440662,8.953841753552917,42.190107500835076,Hybrid (Partial Temperature),21.319757080078148
2020-02-19,21.057611083984398,17.421044921875023,25.830865478515648,0.21507404744625092,67.27406413448391,24.84454679895912,49.148774158566006,22.24989176883412,52.065908493226054,Hybrid (Partial Temperature),21.057611083984398
2020-02-20,21.139794921875023,17.487786865234398,25.350976562500023,0.9812600910663605,69.16793022635773,32.54277315129658,50.48825629552072,16.260540071465197,55.04584033039209,Hybrid (Partial Temperature),21.139794921875023
2020-02-21,20.974237060546898,16.496270751953148,27.125787353515648,5.317814648151398,73.52949783262818,30.59278457162326,47.018249543588894,28.991715559118155,37.952875269590876,Hybrid (Partial Temperature),20.974237060546898
2020-02-22,19.671502685546898,17.128656005859398,24.351495361328148,17.322620376944542,84.7644699172595,28.20991505673205,48.18629545193259,19.285135452009058,33.708927796370894,Hybrid (Partial Temperature),19.671502685546898
2020-02-23,18.686334228515648,13.021936035156273,23.925958251953148,1.5081334859132767,75.39958021915774,31.52955462530858,59.33774699384249,23.2865563962773,37.67736421733333,Hybrid (Partial Temperature),18.686334228515648
2020-02-24,17.743096923828148,12.026086425781273,24.527886962890648,0.0,63.522634711759984,32.88926450249237,62.91775449247029,20.092621468539637,45.53409598685311,Hybrid (Partial Temperature),17.743096923828148
2020-02-25,18.814874267578148,11.882318115234398,25.104028320312523,0.008918344974517822,62.94025458610657,25.074180693496782,37.87943562272902,25.606244771443475,48.98443908504993,Hybrid (Partial Temperature),18.814874267578148
2020-02-26,20.803643798828148,13.569177246093773,27.291040039062523,-4.284083843231201e-05,54.527745139189754,32.218555483319264,52.891629907518535,15.64903655227509,39.20264054034239,Hybrid (Partial Temperature),20.803643798828148
2020-02-27,21.635400390625023,15.097680664062523,28.152642822265648,0.050632283091545105,56.25629213371788,26.047344286920442,46.042669453959476,25.78738062777365,35.29586343343759,Hybrid (Partial Temperature),21.635400390625023
2020-02-28,19.597100830078148,14.050592041015648,25.893151855468773,16.83398336172104,70.84867368941887,33.9770145371255,53.26059477736321,29.65610357008138,45.80614573157073,Hybrid (Partial Temperature),19.597100830078148
2020-02-29,16.016137695312523,13.492211914062523,19.883996582031273,4.824856296181679,79.12208567689048,33.638747898532536,66.77274382594945,34.12569101092842,47.8702027522858,Hybrid (Partial Temperature),16.016137695312523
2020-03-01,15.918939208984398,13.141503906250023,18.882714843750023,1.3408977538347244,81.55534430240262,32.10522469200493,52.19177526854405,32.4463180643705,51.28899496211683,Hybrid (Partial Temperature),15.918939208984398
2020-03-02,15.364007568359398,13.034265136718773,17.435906982421898,8.438680320978165,89.9023915052476,29.184524367535325,51.53071084730393,17.68955932861639,38.03663789625587,Hybrid (Partial Temperature),15.364007568359398
2020-03-03,16.463891601562523,12.053186035156273,21.866906738281273,1.2320056557655334,77.52551144239969,27.749505399777497,43.145676479210714,25.56465418756151,45.89191245088485,Hybrid (Partial Temperature),16.463891601562523
2020-03-04,18.447015380859398,11.713220214843773,24.874627685546898,0.0030547380447387695,63.478373821969434,29.20620963831072,48.75839426190514,27.25882897202328,30.326123633240677,Hybrid (Partial Temperature),18.447015380859398
2020-03-05,19.819787597656273,12.318200683593773,26.648553466796898,0.0005047768354415894,56.58288909516709,34.51279138317883,53.89364364232578,25.81792848541607,42.64888657956153,Hybrid (Partial Temperature),19.819787597656273
2020-03-06,18.589593505859398,12.509759521484398,24.998315429687523,0.0,51.77373234137305,27.396347506199607,53.585157582454485,27.04272988259708,49.35332324321492,Hybrid (Partial Temperature),18.589593505859398
2020-03-07,17.531030273437523,10.593377685546898,24.583001708984398,0.002561137080192566,60.31315890387826,31.195623069459348,61.609196515273396,24.816228009604316,55.58168535610495,Hybrid (Partial Temperature),17.531030273437523
2020-03-08,19.155877685546898,12.177270507812523,25.457208251953148,0.08101016283035278,58.30150109883684,22.346622854542414,39.56827721272372,18.111529176842726,46.231872946725524,Hybrid (Partial Temperature),19.155877685546898
2020-03-09,19.750024414062523,13.296441650390648,26.899072265625023,0.001125037670135498,56.31153486476449,32.52234077703018,54.47244959734659,23.45721382004287,41.979124112424365,Hybrid (Partial Temperature),19.750024414062523
2020-03-10,20.120996093750023,14.628411865234398,26.620782470703148,0.14841370284557343,58.313589158149604,26.17668092179702,43.49898946746864,28.013474922160633,32.75987096002781,Hybrid (Partial Temperature),20.120996093750023
2020-03-11,20.114129638671898,15.356561279296898,25.527185058593773,0.3941059112548828,65.76355686627551,24.895611951174548,48.841184390540406,25.39511571536753,45.9248096712449,Hybrid (Partial Temperature),20.114129638671898
2020-03-12,18.399011230468773,14.487298583984398,22.470483398437523,6.71546533703804,73.47086084782498,34.20992059212599,61.90863604362811,14.566672172465545,49.23801716392445,Hybrid (Partial Temperature),18.399011230468773
2020-03-13,16.279870605468773,13.795556640625023,20.819665527343773,2.9524676501750946,77.14060522251533,32.796123838998504,55.91070964530165,16.174423417264787,52.37517382448357,Hybrid (Partial Temperature),16.279870605468773
2020-03-14,19.176812744140648,13.815270996093773,25.445581054687523,0.32009556889533997,64.99581056183351,29.653640223996632,55.92006471328051,19.5289778833848,46.28921608411738,Hybrid (Partial Temperature),19.176812744140648
2020-03-15,20.362908935546898,15.017083740234398,26.858056640625023,0.0,51.64098616915743,30.484104891669933,53.88506911718404,21.035183239989315,36.77317582335519,Hybrid (Partial Temperature),20.362908935546898
2020-03-16,19.333154296875023,13.479455566406273,25.975305175781273,0.2996288239955902,63.63654395655121,43.47173506010121,69.94541654358461,23.64426731808752,48.91412979435422,Hybrid (Partial Temperature),19.333154296875023
2020-03-17,15.080865478515648,12.792749023437523,17.479547119140648,8.514149114489555,80.60150861836297,31.26571891784429,50.626873748413544,15.77741651369814,58.06999506262529,Hybrid (Partial Temperature),15.080865478515648
2020-03-18,17.841516113281273,13.593835449218773,22.879541015625023,0.3357063978910446,75.54898318167716,31.348090088251904,51.335685398577795,28.254716696435537,42.512318235421056,Hybrid (Partial Temperature),17.841516113281273
2020-03-19,19.916253662109398,14.054345703125023,26.225793457031273,0.09472295641899109,60.23642505007907,35.731247272739274,53.88285656968744,9.759226295948203,38.24815658181739,Hybrid (Partial Temperature),19.916253662109398
2020-03-20,20.218133544921898,15.018792724609398,26.129144287109398,0.12301281094551086,61.888928558210196,33.0191197711274,53.75204806474365,26.53442058534954,42.08218257017368,Hybrid (Partial Temperature),20.218133544921898
2020-03-21,19.820245361328148,14.951531982421898,26.299707031250023,9.610665962100029,64.91518439137386,37.63129051762724,67.94951674650788,26.449735360609154,44.661678098302936,Hybrid (Partial Temperature),19.820245361328148
2020-03-22,16.324243164062523,13.942071533203148,19.386621093750023,4.876734688878059,80.8644381844044,34.19020252011847,64.1644893021498,27.482324013736672,40.62238941085535,Hybrid (Partial Temperature),16.324243164062523
2020-03-23,17.405633544921898,13.191217041015648,23.511560058593773,9.01731662452221,77.32896401399073,36.714902280259686,57.15464979861398,2.0,50.49965015018713,Hybrid (Partial Temperature),17.405633544921898
2020-03-24,19.647607421875023,13.421533203125023,25.829553222656273,0.22081099450588226,63.79194206009494,35.23026294667093,69.97162874197132,13.66530535129135,48.329174596480435,Hybrid (Partial Temperature),19.647607421875023
2020-03-25,20.331475830078148,13.087487792968773,27.018426513671898,0.09157136082649231,58.6011181957513,36.34190941419182,63.39391206897031,20.708289382601738,42.23866611090227,Hybrid (Partial Temperature),20.331475830078148
2020-03-26,19.746514892578148,11.847131347656273,27.672509765625023,0.23147091269493103,53.789713479069626,33.00150068379325,50.5292918554206,24.421122069808927,44.78018299939882,Hybrid (Partial Temperature),19.746514892578148
2020-03-27,17.087152099609398,10.101647949218773,25.082421875000023,3.369424492120743,71.37051719488107,34.424345150003596,67.81555248183037,22.738433276614337,32.64734779759673,Hybrid (Partial Temperature),17.087152099609398
2020-03-28,15.839349365234398,12.203637695312523,20.721093750000023,0.8462779223918915,81.81512142605521,32.051006590341835,52.43020067549413,17.67599189437028,47.54656552140858,Hybrid (Partial Temperature),15.839349365234398
2020-03-29,17.724481201171898,12.065240478515648,23.708398437500023,0.3448855131864548,71.11424358681843,36.519018452206986,60.43372865526162,32.416571743505344,33.83829702159478,Hybrid (Partial Temperature),17.724481201171898
2020-03-30,18.840753173828148,13.721093750000023,23.981011962890648,1.0011699050664902,69.04786958723446,26.8574461599313,46.45459924859454,25.765498132384057,42.77787508097853,Hybrid (Partial Temperature),18.840753173828148
2020-03-31,17.954034423828148,15.492700195312523,21.371575927734398,0.8090659976005554,77.24556209355794,37.30524499673625,62.008261487548644,20.794998679646618,41.309105386199974,Hybrid (Partial Temperature),17.954034423828148
2020-04-01,18.143975830078148,12.849725341796898,24.136468505859398,14.580510556697845,71.96858555432392,38.74904380255347,61.5659943421695,16.70521947910683,48.73138188501586,Hybrid (Partial Temperature),18.143975830078148
2020-04-02,14.191766357421898,12.412072753906273,16.681146240234398,3.342157229781151,80.1026130976173,37.54948398900724,58.711036469300055,24.154578144240762,41.44005773124651,Hybrid (Partial Temperature),14.191766357421898
2020-04-03,13.325738525390648,10.964654541015648,16.966912841796898,10.391799733042717,78.29495064816749,33.39932486701241,58.610555473540565,32.5457635238588,44.60753215337594,Hybrid (Partial Temperature),13.325738525390648
2020-04-04,13.386163330078148,9.069848632812523,17.250360107421898,27.721066027879715,91.69906784849042,36.52245475205725,56.071647759569395,24.03778783436057,56.930293683380384,Hybrid (Partial Temperature),13.386163330078148
2020-04-05,15.515802001953148,8.609216308593773,22.457818603515648,0.0016316771507263184,66.62811713903393,30.187244788307567,55.99483605838465,23.622742102219572,32.39442720812712,Hybrid (Partial Temperature),15.515802001953148
2020-04-06,17.682885742187523,10.084252929687523,25.562921142578148,4.284083843231201e-05,55.71813523138338,38.32679095135855,64.04188822726125,24.36545601786799,45.831392680222564,Hybrid (Partial Temperature),17.682885742187523
2020-04-07,16.271752929687523,8.612756347656273,23.680718994140648,-4.284083843231201e-05,52.270905736735344,28.713636424207834,57.32137938165266,24.799039357585343,51.812526906139674,Hybrid (Partial Temperature),16.271752929687523
2020-04-08,15.316522216796898,7.619348144531273,21.389001464843773,0.5898158997297287,75.17163089687273,37.24407244203962,57.03656694197127,22.374499418432187,39.844709391095456,Hybrid (Partial Temperature),15.316522216796898
2020-04-09,15.800347900390648,12.923638916015648,19.930383300781273,0.34662336111068726,80.60422862749547,37.0016592612962,56.40110672406411,17.24771025815945,44.9975435675909,Hybrid (Partial Temperature),15.800347900390648
2020-04-10,15.561425781250023,11.482995605468773,20.241815185546898,0.05279667675495148,79.59589411724761,36.43219976073743,59.235278213776105,34.81048293033209,33.89859137904996,Hybrid (Partial Temperature),15.561425781250023
2020-04-11,16.991632080078148,11.884698486328148,23.614099121093773,0.08626095950603485,67.81330272436368,32.220545653035124,53.995369482797706,28.61830134764722,31.87366518874076,Hybrid (Partial Temperature),16.991632080078148
2020-04-12,18.800592041015648,11.606591796875023,26.203759765625023,0.013086944818496704,57.54386226542041,38.311396327789254,73.04540228293538,39.023025803665476,50.471077552317645,Hybrid (Partial Temperature),18.800592041015648
2020-04-13,18.794152832031273,13.443688964843773,25.859796142578148,0.062152743339538574,59.37111547071672,25.376023953100848,48.59094767939754,27.731977051410425,42.02300945825096,Hybrid (Partial Temperature),18.794152832031273
2020-04-14,15.740167236328148,11.253594970703148,20.537530517578148,24.0518506616354,82.83729024706125,38.4974069005628,71.67420076344752,22.674776186854857,34.080294175812206,Hybrid (Partial Temperature),15.740167236328148
2020-04-15,14.427453613281273,8.348413085937523,20.834466552734398,0.46860985457897186,71.10283100063486,35.614588924213116,68.12585047210928,17.716425007835994,40.73203514909655,Hybrid (Partial Temperature),14.427453613281273
2020-04-16,13.648492431640648,7.298547363281273,20.806115722656273,0.0,56.05399886496125,39.95543258122434,74.48377647813665,22.06948812050066,49.28753342490326,Hybrid (Partial Temperature),13.648492431640648
2020-04-17,14.633752441406273,5.867944335937523,22.578027343750023,0.0,58.63023908108028,35.74124947630693,69.21299226845686,16.34973688747367,48.790620992517944,Hybrid (Partial Temperature),14.633752441406273
2020-04-18,15.425378417968773,11.457910156250023,21.302301025390648,1.574929803609848,82.75755101982229,43.96943414885513,76.16634257011209,39.14479146500608,52.687088326733324,Hybrid (Partial Temperature),15.425378417968773
2020-04-19,16.356652832031273,10.348229980468773,22.042932128906273,0.7689222693443298,71.75493198121622,30.10396803547536,49.316894985707506,24.378932381777947,40.19344888637664,Hybrid (Partial Temperature),16.356652832031273
2020-04-20,17.171197509765648,12.159692382812523,23.785485839843773,0.047555193305015564,60.373230701187,37.89177476002877,68.76330852982242,30.0374653207096,39.12192455020702,Hybrid (Partial Temperature),17.171197509765648
2020-04-21,16.945123291015648,10.862207031250023,24.825494384765648,0.1074615865945816,51.60669830099391,30.443471978161256,51.21458033891277,31.30442053164706,46.700271364204326,Hybrid (Partial Temperature),16.945123291015648
2020-04-22,15.858148193359398,9.030480957031273,23.405023193359398,4.284083843231201e-05,60.6392601864675,34.26739404860241,52.560068886520256,32.171262365833165,51.96162345891183,Hybrid (Partial Temperature),15.858148193359398
2020-04-23,15.759393310546898,9.242913818359398,22.542718505859398,0.47392211854457855,64.65411346312506,38.63408503239269,74.48335018335632,42.472796903346264,40.86789233940728,Hybrid (Partial Temperature),15.759393310546898
2020-04-24,15.663262939453148,10.261254882812523,21.914361572265648,0.055052340030670166,65.82896763535229,38.06933069999203,72.98073268782234,24.00130286836038,51.42928351327656,Hybrid (Partial Temperature),15.663262939453148
2020-04-25,15.524499511718773,11.265802001953148,22.190942382812523,2.0393356680870056,69.27798346452724,45.35688336326018,79.29092442732647,23.42624584033192,40.991310889474235,Hybrid (Partial Temperature),15.524499511718773
2020-04-26,14.984002685546898,10.358361816406273,21.057305908203148,3.4519005566835403,69.64368471790469,33.21621606426405,57.56396996637375,25.879343980973342,59.84995257387331,Hybrid (Partial Temperature),14.984002685546898
2020-04-27,13.535455322265648,10.700616455078148,17.283929443359398,5.9301406145095825,83.93141547674813,41.41436093228655,64.58294826416332,29.995073282796582,29.680198130446943,Hybrid (Partial Temperature),13.535455322265648
2020-04-28,12.064630126953148,9.911309814453148,14.703027343750023,12.097764760255814,88.94962989264319,33.72099917674587,52.70419434347366,26.033313898176697,55.59953885447669,Hybrid (Partial Temperature),12.064630126953148
2020-04-29,12.580499267578148,6.683923339843773,17.337365722656273,1.6439631581306458,73.18668520874803,31.493184578375413,59.8017559373009,22.923690047924964,31.220341446065632,Hybrid (Partial Temperature),12.580499267578148
2020-04-30,12.837731933593773,5.882318115234398,20.302636718750023,4.284083843231201e-05,65.46665825654159,26.88513959027678,51.80779743015894,19.81713792022953,52.86098166327032,Hybrid (Partial Temperature),12.837731933593773
2020-05-01,14.501123046875023,8.515496826171898,22.831811523437523,0.0,53.42774019951866,35.81251971605813,53.82051439904333,19.42987322179113,43.63353706306566,Hybrid (Partial Temperature),14.501123046875023
2020-05-02,14.497399902343773,8.490899658203148,22.639001464843773,-4.284083843231201e-05,51.85002785811068,32.38893477879294,61.278268370361246,26.756811059384873,39.188089304660856,Hybrid (Partial Temperature),14.497399902343773
2020-05-03,15.257379150390648,9.270562744140648,23.055261230468773,0.0,48.899057420128834,39.226384004994856,69.35166196900599,17.89709395798264,35.408573948895295,Hybrid (Partial Temperature),15.257379150390648
2020-05-04,15.213830566406273,7.220666503906273,23.876947021484398,4.284083843231201e-05,48.80181026078065,32.33716783398176,55.57710233458399,12.208304161403964,35.11390504119528,Hybrid (Partial Temperature),15.213830566406273
2020-05-05,14.418450927734398,7.997186279296898,22.932458496093773,0.0006388872861862183,54.974976062813695,32.583581229631974,56.62200110738867,25.729045792033308,47.84936063382864,Hybrid (Partial Temperature),14.418450927734398
2020-05-06,13.853570556640648,7.753259277343773,22.252343750000023,0.0,42.66187448377186,36.72432949316167,68.17962869146533,33.07515663542717,45.93054448354188,Hybrid (Partial Temperature),13.853570556640648
2020-05-07,13.204766845703148,5.130822753906273,21.445306396484398,0.0,60.94095034829413,43.53864748337111,65.36000453139577,29.5823391298804,40.58964293578865,Hybrid (Partial Temperature),13.204766845703148
2020-05-08,14.398431396484398,7.499078369140648,22.767358398437523,0.0,52.228596223134105,29.467891235253802,45.12554526182184,24.835896163015697,41.73006901743204,Hybrid (Partial Temperature),14.398431396484398
2020-05-09,14.529992675781273,8.240625000000023,22.600396728515648,0.0,52.580546672093966,39.97483992598338,76.77837977590258,27.792102361173043,34.81449824674838,Hybrid (Partial Temperature),14.529992675781273
2020-05-10,13.717523193359398,6.746697998046898,21.778222656250023,0.0,55.79831828828221,39.23000799861515,78.413942084687,13.449785060007883,40.56272104459147,Hybrid (Partial Temperature),13.717523193359398
2020-05-11,14.402947998046898,8.856530761718773,22.164514160156273,4.284083843231201e-05,46.67911363398669,33.724535667957646,54.66047055480675,20.15914371433871,48.54505808560042,Hybrid (Partial Temperature),14.402947998046898
2020-05-12,13.982354736328148,6.673089599609398,22.205987548828148,0.0,47.14398399484113,38.1732183415466,64.89671266310818,36.738658070820556,34.029266449193585,Hybrid (Partial Temperature),13.982354736328148
2020-05-13,13.539239501953148,6.715478515625023,21.522973632812523,0.0,44.70424150501922,33.338723374686296,61.70910669327689,33.28508128937011,45.28743027824401,Hybrid (Partial Temperature),13.539239501953148
2020-05-14,11.497064208984398,3.4563842773437727,20.766687011718773,-4.284083843231201e-05,51.685706752145464,46.57812423641687,85.34937452491278,20.017833812644582,37.25178840606056,Hybrid (Partial Temperature),11.497064208984398
2020-05-15,11.719506835937523,4.614251708984398,20.311212158203148,0.0,47.69749250469847,34.11890137146525,64.5484144333018,37.28013950758065,28.54459957511045,Hybrid (Partial Temperature),11.719506835937523
2020-05-16,12.582910156250023,5.309960937500023,21.322473144531273,0.0,35.01811030578438,35.03677595340481,68.56910244053181,19.974347050578743,49.077184806655445,Hybrid (Partial Temperature),12.582910156250023
2020-05-17,12.007348632812523,4.491540527343773,20.697717285156273,4.284083843231201e-05,61.11502589856362,32.95822012411884,53.78897060612649,19.23538713413575,29.40764114049331,Hybrid (Partial Temperature),12.007348632812523
2020-05-18,13.112603759765648,5.928948974609398,22.639184570312523,4.284083843231201e-05,45.56712138399841,26.069539728746765,45.974617526919104,35.74582155509681,36.492979275648,Hybrid (Partial Temperature),13.112603759765648
2020-05-19,13.706567382812523,6.023583984375023,22.157556152343773,0.0,36.53042115906334,33.16784890073077,52.08171504445815,34.14376617798527,48.574985446997744,Hybrid (Partial Temperature),13.706567382812523
2020-05-20,13.352288818359398,5.818994140625023,22.258782958984398,0.0,45.07258980228721,35.58779629159874,70.64731418511627,20.863377990548738,33.52965900792734,Hybrid (Partial Temperature),13.352288818359398
2020-05-21,12.387628173828148,6.679315185546898,19.957879638671898,0.010283663868904114,60.35623928124541,41.87342657123797,78.66760028976277,24.631904783415635,47.17124808911172,Hybrid (Partial Temperature),12.387628173828148
2020-05-22,12.961419677734398,6.355279541015648,20.829766845703148,0.0,46.68230572119793,36.76702494936262,58.594704954365426,22.574384375895004,35.84342964568662,Hybrid (Partial Temperature),12.961419677734398
2020-05-23,13.067498779296898,5.447198486328148,21.238977050781273,4.284083843231201e-05,43.75641018536726,33.29599628326745,62.26106816900595,28.484540205698533,38.480555573298886,Hybrid (Partial Temperature),13.067498779296898
2020-05-24,13.410943603515648,7.768121337890648,20.444268798828148,0.0,44.7529799460965,34.47555222433203,65.48344612635859,35.91513138043228,54.10074076281579,Hybrid (Partial Temperature),13.410943603515648
2020-05-25,13.564233398437523,9.027276611328148,19.501367187500023,-4.284083843231201e-05,45.43770944108218,35.74274813298365,56.052645429043764,28.654822546359817,47.90310407372171,Hybrid (Partial Temperature),13.564233398437523
2020-05-26,9.001672363281273,0.7283264160156477,15.848870849609398,0.0,44.55782574123964,32.13872773035218,56.23040904933756,24.117301878777113,39.29606748204266,Hybrid (Partial Temperature),9.001672363281273
2020-05-27,4.911859130859398,-0.7100585937499773,12.283227539062523,0.0,43.312546306052226,37.36957799136341,71.42704442481433,15.473968393521254,33.16191455559417,Hybrid (Partial Temperature),4.911859130859398
2020-05-28,7.821710205078148,-0.10080566406247726,17.305535888671898,0.0,33.741115722957595,42.00601401672833,70.30064394224281,30.325794676590355,38.39369673376782,Hybrid (Partial Temperature),7.821710205078148
2020-05-29,10.100610351562523,1.4060607910156477,19.487817382812523,0.0,38.20222064912138,31.98437834725767,48.783772287074314,16.29996094050155,51.15782856238434,Hybrid (Partial Temperature),10.100610351562523
2020-05-30,12.847955322265648,3.4032226562500227,22.208062744140648,0.0,40.83116718632736,39.754714516345025,66.47149686127008,23.529757435650918,55.11734317390026,Hybrid (Partial Temperature),12.847955322265648
2020-05-31,14.679650878906273,7.261804199218773,23.396997070312523,4.284083843231201e-05,35.36316055749746,38.01305280165572,71.88229040173285,31.525002249646583,32.55997092939392,Hybrid (Partial Temperature),14.679650878906273
2020-06-01,14.044244384765648,8.047143554687523,23.679803466796898,-4.284083843231201e-05,31.42824900435992,36.22944600276759,56.16287733967704,30.472167305974743,48.84805110656145,Hybrid (Partial Temperature),14.044244384765648
2020-06-02,14.885675048828148,6.624414062500023,24.257073974609398,0.0,28.621836182115462,34.012118666314954,56.29426631022219,30.63939791042563,24.444770312846835,Hybrid (Partial Temperature),14.885675048828148
2020-06-03,14.960565185546898,8.544335937500023,23.254418945312523,0.0,34.02515619629032,35.04817414909992,67.53053106692143,29.6342565463376,41.54425166686452,Hybrid (Partial Temperature),14.960565185546898
2020-06-04,13.405572509765648,5.651971435546898,22.240991210937523,0.0,34.54313676607361,32.17657611788005,50.870126266136666,25.734821946638302,39.60271313120632,Hybrid (Partial Temperature),13.405572509765648
2020-06-05,11.873712158203148,4.214074707031273,20.310876464843773,0.0,47.42724694277002,42.34972303309215,71.75423665272619,26.799489102429554,44.70378047486975,Hybrid (Partial Temperature),11.873712158203148
2020-06-06,11.876397705078148,5.252038574218773,20.381860351562523,0.0,43.24700636070087,29.47278368443213,52.375863996162074,25.29811150823294,29.481068776736308,Hybrid (Partial Temperature),11.876397705078148
2020-06-07,12.032312011718773,5.030206298828148,20.468682861328148,0.0,38.48751051721185,38.63655210925583,61.392307166758734,27.999495636522884,37.07199137964603,Hybrid (Partial Temperature),12.032312011718773
2020-06-08,11.764794921875023,5.689233398437523,19.779840087890648,0.0,32.15585420891312,40.60510715711522,75.13272876051256,28.334573217331346,20.7715414481671,Hybrid (Partial Temperature),11.764794921875023
2020-06-09,10.733636474609398,4.363397216796898,19.470880126953148,0.0,43.492857253383846,31.13316874955691,58.86203292963083,25.486322595838185,30.38518421448852,Hybrid (Partial Temperature),10.733636474609398
2020-06-10,11.686090087890648,3.5319763183593977,19.302941894531273,0.0,50.568026216706365,38.46812092436597,69.90780298240557,28.113477868871833,35.04815602866915,Hybrid (Partial Temperature),11.686090087890648
2020-06-11,9.931207275390648,1.6020141601562727,15.480554199218773,0.0,43.875303836115684,33.24657500647514,64.19593903696571,19.68544925515795,36.497231894081786,Hybrid (Partial Temperature),9.931207275390648
2020-06-12,3.3366638183593977,-2.7568725585937273,9.658441162109398,0.0,48.041085653527794,32.724019051663475,51.22456228197571,22.291589868905266,57.03237494494973,Hybrid (Partial Temperature),3.3366638183593977
2020-06-13,4.373376464843773,-4.641668701171852,13.867150878906273,0.0,37.057403969584804,31.92275707668427,47.936728102072664,26.013550947033387,30.3755323399029,Hybrid (Partial Temperature),4.373376464843773
2020-06-14,5.997216796875023,-1.8074707031249773,14.528863525390648,0.0,37.466092540723004,24.108113634047513,39.37988387016941,37.82312247151939,34.37026825964434,Hybrid (Partial Temperature),5.997216796875023
2020-06-15,7.408319091796898,-0.23874511718747726,15.825860595703148,0.0,37.45321684185331,34.7954558923303,66.80789353262212,28.018646549156955,24.738962699046056,Hybrid (Partial Temperature),7.408319091796898
2020-06-16,5.356896972656273,3.0244995117187727,7.914086914062523,11.496640741825104,74.84469575458242,39.1505710906285,61.2113918362112,23.328459221637992,18.61415992324265,Hybrid (Partial Temperature),5.356896972656273
2020-06-17,7.106072998046898,2.8428588867187727,12.114892578125023,3.5614222288131714,76.02756227838329,28.284131981647132,53.22850792566693,22.684678254156474,40.64142430872375,Hybrid (Partial Temperature),7.106072998046898
2020-06-18,6.485864257812523,1.5305114746093977,13.006158447265648,0.2517513930797577,70.63751833417432,35.91733193253053,70.56499755057746,29.388785958321755,40.44643641934439,Hybrid (Partial Temperature),6.485864257812523
2020-06-19,7.024957275390648,0.7533813476562727,15.037255859375023,4.284083843231201e-05,59.16780499023647,31.125536610622245,55.41547158024198,23.45094175822175,21.946569028391366,Hybrid (Partial Temperature),7.024957275390648
2020-06-20,9.354699707031273,3.3376403808593977,17.035546875000023,0.0,50.77650534306218,25.957100757478567,50.39622155827788,28.544357156048775,19.178171628374447,Hybrid (Partial Temperature),9.354699707031273
2020-06-21,8.506707763671898,1.7438293457031477,17.150048828125023,-4.284083843231201e-05,51.63339850021333,36.27707797455726,58.915870890891966,27.613628124257183,27.355052316271873,Hybrid (Partial Temperature),8.506707763671898
2020-06-22,9.264123535156273,1.5232788085937727,17.688897705078148,0.0,46.0900492182342,39.5830301561145,73.68028343943116,15.258368548512768,45.5231942485496,Hybrid (Partial Temperature),9.264123535156273
2020-06-23,9.176019287109398,2.8964172363281477,17.771844482421898,0.0,44.027706400154266,27.044978837901176,51.11680802059381,27.237744434445297,20.02609186806386,Hybrid (Partial Temperature),9.176019287109398
2020-06-24,10.391717529296898,2.8803955078125227,19.395440673828148,-4.284083843231201e-05,34.62897617863825,31.9568610005891,55.72469167209441,27.13378690491057,37.1292599683881,Hybrid (Partial Temperature),10.391717529296898
2020-06-25,8.471398925781273,2.1879821777343977,17.525689697265648,0.0,54.637148579491914,23.53904414064649,42.402681184544015,29.39611814069101,32.46946429220873,Hybrid (Partial Temperature),8.471398925781273
2020-06-26,8.220574951171898,1.8074279785156477,15.566766357421898,0.0,59.57027915986556,30.385856031245588,46.92935558909558,17.903750422836325,28.746257555268215,Hybrid (Partial Temperature),8.220574951171898
2020-06-27,8.945672607421898,2.7517028808593977,18.139215087890648,0.0,44.743067027442905,32.88273639962283,53.86745725544156,31.3648807551671,26.066386344845384,Hybrid (Partial Temperature),8.945672607421898
2020-06-28,8.396295166015648,2.5217529296875227,16.633142089843773,-4.284083843231201e-05,44.369168697656626,39.07184851083663,60.10802212149068,22.480205331400736,32.60518986418947,Hybrid (Partial Temperature),8.396295166015648
2020-06-29,7.850915527343773,0.14995727539064774,17.839807128906273,0.0,51.308876866350076,37.94849249078915,61.46595031674173,37.50630490195643,27.900916070172123,Hybrid (Partial Temperature),7.850915527343773
2020-06-30,8.897821044921898,-0.41165771484372726,19.697656250000023,0.0,42.05605367951469,38.22490984227386,74.396603221993,35.79494873244241,26.934541763738753,Hybrid (Partial Temperature),8.897821044921898
2020-07-01,9.718591308593773,4.257562255859398,18.169854736328148,0.0,62.60682659061182,27.22726736172669,41.26082573461637,19.20998479245193,28.210577040092026,Hybrid (Partial Temperature),9.718591308593773
2020-07-02,10.570733642578148,4.154138183593773,18.984094238281273,4.284083843231201e-05,50.67113548556159,28.48576973424356,49.80495030399554,13.819336883106011,38.50570329432051,Hybrid (Partial Temperature),10.570733642578148
2020-07-03,10.458856201171898,2.5198303222656477,20.048852539062523,1.1175870895385742e-05,35.52636281310212,21.237539810474903,37.40637960523462,28.221016433098505,31.057397987203164,Hybrid (Partial Temperature),10.458856201171898
2020-07-04,11.093560791015648,3.6850524902343977,20.062341308593773,-4.284083843231201e-05,30.683474027767843,25.829410301410057,42.43478288449691,17.535998550789827,29.648416235659056,Hybrid (Partial Temperature),11.093560791015648
2020-07-05,10.843774414062523,1.4476257324218977,20.553216552734398,0.0,26.34007440037201,21.990857390470005,41.58057064577814,31.242826227727893,39.89983314569332,Hybrid (Partial Temperature),10.843774414062523
2020-07-06,12.025689697265648,4.219079589843773,23.447076416015648,-4.284083843231201e-05,22.667892417456823,30.92124407134242,55.49657985621725,26.852847216228852,26.436761129563386,Hybrid (Partial Temperature),12.025689697265648
2020-07-07,12.646661376953148,3.7688842773437727,23.262750244140648,0.0,24.707504083826432,25.450952742608447,40.66101428083131,12.901160061783635,39.78781542655571,Hybrid (Partial Temperature),12.646661376953148
2020-07-08,11.051904296875023,6.644921875000023,17.386071777343773,0.0,58.50784933951515,23.269968302964784,40.38719799737944,28.482570025479095,22.66227897095311,Hybrid (Partial Temperature),11.051904296875023
2020-07-09,11.286798095703148,7.260888671875023,17.393579101562523,0.047793611884117126,64.60716569508378,26.840065127794272,40.57370289109743,23.899682691387756,32.06220335307753,Hybrid (Partial Temperature),11.286798095703148
2020-07-10,21.32814722611536,17.86101188230998,26.284729688701646,9.771606933892954,74.34005051253484,22.53173834706012,33.999342133239054,25.753642707013867,24.973068490515846,Hybrid (Partial Temperature),21.32814722611536
2020-07-11,21.759543521767487,14.572212979598941,28.041259501664644,0.0,46.292352800645105,29.839168921183468,55.722948479279545,33.466272510642554,26.755531002517596,Hybrid (Partial Temperature),21.759543521767487
2020-07-12,20.52484584079392,15.473517252947754,26.761771568660635,0.0,46.786241278003004,29.55330787947545,46.87544702481886,21.816747058268398,21.903992767027457,Hybrid (Partial Temperature),20.52484584079392
2020-07-13,21.23639029269839,14.927807591686854,25.87123122181321,0.0,54.87087579512125,26.38856524244621,52.36127468473204,27.95980236049156,24.434092578056966,Hybrid (Partial Temperature),21.23639029269839
2020-07-14,10.694111579649059,2.978108787263295,14.591062452922388,0.0,46.1488272468086,24.148929349925027,40.54859190778395,18.391591262684223,20.94068793851034,Hybrid (Partial Temperature),10.694111579649059
2020-07-15,19.321224484078066,15.095571526270755,24.65527387138796,0.0,57.63085395753505,20.93944805305223,38.72453659344585,18.489574569268107,29.51748168931471,Hybrid (Partial Temperature),19.321224484078066
2020-07-16,19.53834288351066,16.47254372705635,23.854748065043953,0.0,61.989882474580185,30.247004831049555,52.36476422416219,20.904330939831386,19.446872423385248,Hybrid (Partial Temperature),19.53834288351066
2020-07-17,18.588938247973257,15.468196219054395,23.36426387980527,2.4228770462076272,71.90520581723095,28.446660401983305,48.493907381934434,18.01312772146378,30.089001593264975,Hybrid (Partial Temperature),18.588938247973257
2020-07-18,18.70082771862322,12.15389925660736,26.471547563115518,0.0,53.364647478356446,29.45678647501018,54.0227991068122,26.254563955911895,44.32583463497405,Hybrid (Partial Temperature),18.70082771862322
2020-07-19,21.206731192933297,13.583971768965906,26.512420545594146,3.3874884814416246,60.42481458135941,25.43455199317253,46.11357064713392,12.938540061143623,12.863064040233478,Hybrid (Partial Temperature),21.206731192933297
2020-07-20,17.044886817475575,11.70823545241122,23.469344144858525,0.0,46.31178333041699,25.708048329348614,49.83329363751149,27.931831710080118,10.0,Hybrid (Partial Temperature),17.044886817475575
2020-07-21,25.184055050393397,20.3085093099058,29.865204524231665,0.0,50.83471515543601,33.838065873266686,52.185426306255266,16.716079683036437,16.910251072883042,Hybrid (Partial Temperature),25.184055050393397
2020-07-22,20.390005683840847,14.675703560453826,28.369311076094707,0.0,49.58142567757652,23.455067641704066,41.123239554213065,24.611883329996104,30.520668432515514,Hybrid (Partial Temperature),20.390005683840847
2020-07-23,18.049855585469675,10.75527139756247,24.343693615678013,0.0,47.86477648204415,24.72426166173539,44.59867433916829,13.57650699571482,18.645100508273565,Hybrid (Partial Temperature),18.049855585469675
2020-07-24,17.193025136609183,10.932255767644476,21.173072465337103,3.1276167566690005,70.19378297999711,29.836050485542696,54.44856227649755,25.152695269957754,28.715994551623943,Hybrid (Partial Temperature),17.193025136609183
2020-07-25,17.298327946775846,13.133428463365314,20.789247939883182,0.0,51.34044576177242,27.459923980950137,49.777703394038745,29.31611403495897,31.45343061630221,Hybrid (Partial Temperature),17.298327946775846
2020-07-26,14.557580004284633,7.684678981681765,22.27348286017005,0.0,48.53895610014416,15.540753757002138,26.169415340438736,21.715440621716276,21.616369961285514,Hybrid (Partial Temperature),14.557580004284633
2020-07-27,16.764299035322328,13.091231548639978,24.488188196375464,0.0,48.58461334650009,17.162699123499593,26.010732063869092,32.406310876124955,30.47036424272904,Hybrid (Partial Temperature),16.764299035322328
2020-07-28,17.633236818584223,13.805436964940657,23.739878695723878,0.0,47.94142686214554,22.126065996994836,41.08253325960356,20.5042126327755,10.0,Hybrid (Partial Temperature),17.633236818584223
2020-07-29,18.284039793260508,12.22062837921556,21.368997289991725,0.0,42.36412941397341,29.80968272449816,45.36794376031745,24.280727639155266,29.6088692326937,Hybrid (Partial Temperature),18.284039793260508
2020-07-30,18.03373663021897,13.839819599505816,22.161411051601412,0.0,49.19653460895993,28.444435357300303,49.36125573909745,14.840058651956788,29.100336379442496,Hybrid (Partial Temperature),18.03373663021897
2020-07-31,15.220384969382089,8.696492231604434,22.226768889974718,0.0,57.83102693487455,27.511546834863047,51.15941604047184,24.30412722217586,21.685909903992222,Hybrid (Partial Temperature),15.220384969382089
2020-08-01,11.548293114445968,6.800700477486185,18.925592261011154,0.0,59.13683950682368,27.880536079407793,45.63362908528035,17.17455330217085,30.287356635937805,Hybrid (Partial Temperature),11.548293114445968
2020-08-02,13.541999832197313,9.154880032160385,18.811948904260582,1.889651014413061,61.92614108998428,19.725053896842084,29.86176477475552,16.024865382071283,33.566752354208404,Hybrid (Partial Temperature),13.541999832197313
2020-08-03,20.139973514399763,12.145381484535775,24.967576605786988,0.0,48.690396383912905,27.403102692594842,42.37506846762269,32.04408970441429,37.283958076862206,Hybrid (Partial Temperature),20.139973514399763
2020-08-04,17.747047706861892,14.543967084069594,22.118172764152117,0.0,50.239490074150304,19.619716724052655,30.794186066218916,12.007286942410946,37.136155428360034,Hybrid (Partial Temperature),17.747047706861892
2020-08-05,15.924674068851523,9.695561460435963,19.509526637683397,0.0,45.54910296867106,28.791128510688534,52.761154610672655,20.010655864442953,21.83762021596011,Hybrid (Partial Temperature),15.924674068851523
2020-08-06,12.290411304773116,9.096913379711895,15.869133984518601,2.0448992228625014,64.42656391822155,21.330584257712687,38.9659703810533,25.718527833150226,20.05348361822007,Hybrid (Partial Temperature),12.290411304773116
2020-08-07,14.345315986861864,7.5442646972668435,22.108329478901684,0.0,41.445148476572044,25.120648616007593,49.96996983197146,22.282237230776502,20.350828763597647,Hybrid (Partial Temperature),14.345315986861864
2020-08-08,10.329139793165558,6.178690005674103,17.37227036679306,0.0,47.663279055355346,14.169516012206172,23.548869724210167,7.627006085258742,10.0,Hybrid (Partial Temperature),10.329139793165558
2020-08-09,12.203849990677464,8.754690655315644,16.027746793624928,0.0,50.529410373699186,16.627485309587907,26.033410769397147,24.700048636795472,26.153812028827538,Hybrid (Partial Temperature),12.203849990677464
2020-08-10,12.889384875401106,6.647136315855867,16.92463512482077,0.0,47.476710641594565,28.65572133218227,45.455589083031924,10.73393968731628,39.164024857994576,Hybrid (Partial Temperature),12.889384875401106
2020-08-11,12.307298439146933,5.6442923526822915,18.585056192449066,0.0,45.334316256562005,26.491990452998788,40.16402160298493,17.198302746309665,24.699323032754933,Hybrid (Partial Temperature),12.307298439146933
2020-08-12,16.031205390541153,9.640728815946934,22.854526466459305,0.0,40.11276480896399,16.775106978998046,32.072983664280464,18.50541259728239,10.0,Hybrid (Partial Temperature),16.031205390541153
2020-08-13,8.676429642785683,5.416924907114646,15.728003869087921,0.0,51.62166958362955,29.124901909763878,44.79636035034458,2.0,11.830865278305268,Hybrid (Partial Temperature),8.676429642785683
2020-08-14,10.109612578824185,5.638077851053405,13.9263010355061,0.0,54.31704395601285,17.075856051099937,33.2437895762764,19.301731030589597,12.09337571336296,Hybrid (Partial Temperature),10.109612578824185
2020-08-15,8.357308885246708,3.1018671541473326,16.277950325365193,6.340766000166078,65.05944058531115,22.46315059224159,34.23875288211009,24.61810679568531,32.67266169915281,Hybrid (Partial Temperature),8.357308885246708
2020-08-16,8.547004496698648,4.111488048071165,12.68601482577378,0.0,51.675695635789154,19.797190138677077,37.74643014145953,18.680316816627933,23.25399684886088,Hybrid (Partial Temperature),8.547004496698648
2020-08-17,12.411216966910949,5.358649685559095,18.358294132564435,0.0,37.939246919644646,17.415795824159495,27.828313077486122,21.0793975287817,24.161665760103922,Hybrid (Partial Temperature),12.411216966910949
2020-08-18,7.020071822721424,3.36449629695794,12.958150599315474,0.0,46.58092294996184,27.708632398334625,41.88274949547821,35.53144158967183,21.709907548592493,Hybrid (Partial Temperature),7.020071822721424
2020-08-19,13.867767400360266,7.806870591907307,21.704576828573668,0.0,49.92941189054039,30.130822655876038,55.76530189990803,27.49114923496123,10.0,Hybrid (Partial Temperature),13.867767400360266
2020-08-20,10.652968650611909,2.7118939324746414,16.9413058659877,6.993274731410127,62.137916316425645,22.435247958780952,33.68259920222353,19.943016974897017,10.990385139863562,Hybrid (Partial Temperature),10.652968650611909
2020-08-21,11.389586213190832,3.8768035201964874,17.31410754479831,0.0,44.17524577743178,29.012857277015666,47.83741231425564,37.55076676433259,23.82264725786713,Hybrid (Partial Temperature),11.389586213190832
2020-08-22,11.943369265617772,7.8325839531922785,17.537232158937655,0.0,53.85042967272199,19.816845082013373,30.29096626722513,14.901661941943173,18.904944551538705,Hybrid (Partial Temperature),11.943369265617772
2020-08-23,9.46823143979531,6.467822001726972,16.29151913028296,0.0,44.17512142766199,21.605640225347106,33.71956387718936,22.90874377182605,10.0,Hybrid (Partial Temperature),9.46823143979531
2020-08-24,13.665996928322615,5.7630102180126705,17.19627323126074,0.0,41.313077666923185,21.56388669381688,33.69799843426644,8.14959761495909,24.19101678158023,Hybrid (Partial Temperature),13.665996928322615
2020-08-25,9.78615112126864,2.372586197781752,12.796610627184776,9.970136702837213,70.24552266471052,14.96645215718585,27.86147505886382,21.88946310654165,29.085766766933126,Hybrid (Partial Temperature),9.78615112126864
2020-08-26,11.954865407580934,4.357503075942871,19.71730974652825,0.0,55.90040708386807,23.092096618807705,45.86269060775514,18.236763385145906,17.655822068762347,Hybrid (Partial Temperature),11.954865407580934
2020-08-27,9.381704888525244,4.304187134337077,14.874993286026172,0.0,46.06109069956922,23.989398765727255,38.917841974550235,19.3579482905322,14.933401707686173,Hybrid (Partial Temperature),9.381704888525244
2020-08-28,10.661022020119532,3.937944709335877,15.302698914296485,0.0,50.310933030181616,19.421036750054725,33.005141052398386,21.441841413697446,28.247603009456903,Hybrid (Partial Temperature),10.661022020119532
2020-08-29,10.439769607169227,6.375612114323482,15.280035907584756,0.0,53.15559384129054,11.678517088348883,19.703934377239182,20.72491650254144,15.619313355420003,Hybrid (Partial Temperature),10.439769607169227
2020-08-30,10.166155666758932,5.204635311339295,17.185372247353563,0.0,48.04162466195267,21.826109337397632,35.54160580911712,11.173281841312276,12.142292620571187,Hybrid (Partial Temperature),10.166155666758932
2020-08-31,6.311922745997819,-0.9458175109380571,11.223773808091577,0.0,46.84318502630428,12.264308519090058,22.766872262731432,15.91543066784594,10.0,Hybrid (Partial Temperature),6.311922745997819
2020-09-01,10.364264000345006,6.7262028792549025,17.21510987031347,0.0,41.63829364046776,15.636350350201809,25.575693820223186,18.558860901504183,12.870226521728526,Hybrid (Partial Temperature),10.364264000345006
2020-09-02,7.9247988699722764,0.45547203060408137,13.127108880411546,0.0,39.96850119038905,20.204702076845066,35.503850128624684,8.430235518075307,31.615145212667002,Hybrid (Partial Temperature),7.9247988699722764
2020-09-03,10.60146167848963,5.118921816614064,17.821848992241836,0.0,51.171245077559476,15.555795054279471,24.342876914452926,23.970943742400408,25.872848345005536,Hybrid (Partial Temperature),10.60146167848963
2020-09-04,2.084190474904945,-3.046287801957927,5.465210795151707,0.0,50.63432762760074,20.530660573682628,39.500611591394694,31.452114604896934,17.40458151782579,Hybrid (Partial Temperature),2.084190474904945
2020-09-05,3.9813907133295388,-0.5468412271360528,9.387032351230221,9.318491746415749,75.30481664791218,17.991096202592868,33.169938242271584,20.3162360883933,16.29393888836853,Hybrid (Partial Temperature),3.9813907133295388
2020-09-06,9.30558886022437,1.7213449338604896,14.639837411291314,0.0,50.78495133477413,10.831276814045498,19.16463700534441,14.417468018139354,24.15336017085351,Hybrid (Partial Temperature),9.30558886022437
2020-09-07,13.646039798576455,8.05792249477001,17.967679695136745,0.0,40.44864131632744,19.687011805759273,35.57527170945559,2.0,16.954050385464605,Hybrid (Partial Temperature),13.646039798576455
2020-09-08,10.407977045619539,3.3878452039521507,18.126050770342825,7.010852829261607,59.08330964711714,21.645270255474358,34.89617760574494,7.306862411738475,10.0,Hybrid (Partial Temperature),10.407977045619539
2020-09-09,5.7045764257113225,-1.5836825106938397,13.229718715006577,0.0,49.29987238485031,23.641454081693773,45.439534760247064,20.249600348260117,17.1011160117492,Hybrid (Partial Temperature),5.7045764257113225
2020-09-10,2.5285297730074916,-5.083381999950193,7.746511282737029,0.0,45.53099693508634,16.615596054074423,25.940345164286715,26.63446183583006,17.262664888386546,Hybrid (Partial Temperature),2.5285297730074916
2020-09-11,9.689176472205308,5.1722728020399265,13.174974500782653,0.0,46.867578642152644,18.011942964188638,34.95354800851206,16.179875949267082,15.877811947071853,Hybrid (Partial Temperature),9.689176472205308
2020-09-12,7.0795144735751965,2.380460203353474,11.113430218058744,2.0231609094569687,62.50610879552222,10.716722558530835,19.36051026291015,7.233513587453828,17.754384551392754,Hybrid (Partial Temperature),7.0795144735751965
2020-09-13,8.957280107435752,2.981910725697677,13.314739289753042,0.0,40.79178122681301,27.891634757826683,54.95169221441802,11.471459755594703,10.076026454120443,Hybrid (Partial Temperature),8.957280107435752
2020-09-14,7.398764245883701,2.1921435685863457,12.819863113490896,6.190170771827991,65.04918754366983,25.469204845676643,41.873448827749385,13.488189699732034,16.78851843038307,Hybrid (Partial Temperature),7.398764245883701
2020-09-15,7.01333399472166,-0.6508786683770502,11.7052195508153,0.0,50.49642678330649,17.664060775172626,34.7574071600945,3.891856499375878,10.0,Hybrid (Partial Temperature),7.01333399472166
2020-09-16,15.675693278076494,10.687873019909063,22.54637362707891,0.0,42.908637112051785,17.080215595910353,31.071533375445366,15.172386110830182,10.0,Hybrid (Partial Temperature),15.675693278076494
2020-09-17,6.660750277420868,1.2718600355448162,12.040883315596286,0.0,51.65864031154954,5.0,7.524970767504843,23.520505115775677,13.409000912644155,Hybrid (Partial Temperature),6.660750277420868
2020-09-18,6.084675011216572,-0.001255431549767927,13.43652753343384,0.0,39.772545519182515,22.64964453924366,35.139690189583355,5.429580277930409,20.12609514071867,Hybrid (Partial Temperature),6.084675011216572
2020-09-19,6.085316938917671,1.061619509048933,14.064225689594075,0.0,40.542429510361266,20.175419777881007,36.24380569340087,13.213658290873704,12.87745061906099,Hybrid (Partial Temperature),6.085316938917671
2020-09-20,4.590320398463786,-3.372071781161747,8.689500148470222,0.0,46.019540706683145,21.31521893881393,32.98615371886515,2.890943810287631,18.732364889792937,Hybrid (Partial Temperature),4.590320398463786
2020-09-21,9.206644293255037,5.712387870460105,15.26500117913055,17.990532689479238,74.8780460344377,15.117260672715723,28.3288145674564,11.257834280871098,23.35125581009917,Hybrid (Partial Temperature),9.206644293255037
2020-09-22,5.074376165759552,0.9713595767235406,12.311887718400268,0.0,49.38177366249296,14.691027236857016,26.972515062058935,15.887268796964591,34.49515520452813,Hybrid (Partial Temperature),5.074376165759552
2020-09-23,7.946969151364078,3.333693495745827,15.6731523260895,0.0,39.1380120662719,10.758107307688885,17.144881586396608,24.00462941458725,12.755997053967349,Hybrid (Partial Temperature),7.946969151364078
2020-09-24,6.800588895009196,3.061974676811095,11.251021020251098,0.0,44.562982588634725,20.72466813646584,37.687037793340835,19.979686868890738,10.0,Hybrid (Partial Temperature),6.800588895009196
2020-09-25,9.51554043554097,5.094444262883194,16.150754155272868,0.0,44.591621564383736,22.997227406253224,41.01233179285017,8.440084304070211,15.35882955800995,Hybrid (Partial Temperature),9.51554043554097
2020-09-26,7.03511509078251,0.1388886264851088,10.110195832867989,12.398993480453303,61.78911874800436,22.26015958962887,36.13196114795761,17.31754984557342,16.61865062993037,Hybrid (Partial Temperature),7.03511509078251
2020-09-27,2.054630707700377,-3.559829296725712,9.450342899648044,17.787103157086797,70.09592884328873,17.483797306511132,32.411141188990015,14.258599073261525,19.38579132681215,Hybrid (Partial Temperature),2.054630707700377
2020-09-28,1.639769390028731,-1.5299987906123689,4.95946213560177,0.0,46.36402273205036,14.823519791664095,24.09790819980565,16.443502969229957,21.507233851307216,Hybrid (Partial Temperature),1.639769390028731
2020-09-29,9.773049209768475,1.859936283832531,16.44002620311757,0.18439638598289315,61.49476033895532,11.108726602670366,21.4661018170066,15.075618155916521,12.74210796901339,Hybrid (Partial Temperature),9.773049209768475
2020-09-30,3.654800844845712,-2.425231542987522,11.627852779184009,0.0,52.266180141833345,12.77418421475251,21.69211244480714,18.60521990586392,20.815615504248136,Hybrid (Partial Temperature),3.654800844845712
2020-10-01,1.456419311195126,-1.8382780818199786,6.962368215158523,0.0,38.432723609252676,18.537630328439754,32.397014987486614,17.620000685912967,15.659201907865713,Hybrid (Partial Temperature),1.456419311195126
2020-10-02,3.3509859409052023,-2.9548579180797,7.39765589457205,0.0,41.14426690971602,14.696659896700705,26.90463892522728,22.358924318291137,24.83022296242903,Hybrid (Partial Temperature),3.3509859409052023
2020-10-03,9.09967048622167,4.207823632745502,15.072888400654294,0.0,38.9145867577232,24.24862801632851,47.0782912411283,17.052809069028736,12.792967612902094,Hybrid (Partial Temperature),9.09967048622167
2020-10-04,0.9954627234547306,-2.6829037621706306,7.116212622144184,0.0,42.73966508041932,21.728222130874794,37.54818544293164,28.01007191025147,16.162170222152092,Hybrid (Partial Temperature),0.9954627234547306
2020-10-05,2.611292139263717,-3.207030825232247,8.951655825906952,0.0,42.45390221835612,12.884908038477056,23.546530187418668,19.760163080348427,17.223264420677914,Hybrid (Partial Temperature),2.611292139263717
2020-10-06,3.1694136201253365,-3.465986132391315,7.032472330989842,0.0,48.19119653418452,9.745853417731048,17.52718346076887,26.419923066857738,24.146933497031597,Hybrid (Partial Temperature),3.1694136201253365
2020-10-07,1.3797194196785947,-4.975913602672014,8.873282881840634,0.0,52.05925702566852,13.015001064213227,19.99202937194293,21.060835842764106,15.083838802981207,Hybrid (Partial Temperature),1.3797194196785947
2020-10-08,1.5481652454537942,-2.689400522047988,7.653122082956187,0.0,51.008244185559775,21.01967542180268,38.18108881805549,11.258100115261897,10.0,Hybrid (Partial Temperature),1.5481652454537942
2020-10-09,0.5190964076985631,-5.105234699565975,3.7369399304622473,0.0,41.78318751593839,13.01157449643709,19.819015907838736,24.617735022347546,10.0,Hybrid (Partial Temperature),0.5190964076985631
2020-10-10,3.666554234277283,-2.021762986077063,10.086759557812314,4.7285866019653415,64.7113817714948,18.302328491928296,32.0804218335061,24.157468904815342,23.504971596559045,Hybrid (Partial Temperature),3.666554234277283
2020-10-11,3.9665160917988613,-2.617500728861323,7.946936324943861,0.0,47.30381203673999,12.68698360374242,19.706229664409648,2.0,20.402599024701015,Hybrid (Partial Temperature),3.9665160917988613
2020-10-12,2.9691898036145794,-1.8301469410907556,6.105893710211852,1.2125423657945007,66.6879697087025,17.179010818812763,30.996759684255775,11.934637297033742,28.627855093521546,Hybrid (Partial Temperature),2.9691898036145794
2020-10-13,0.045712272786716746,-6.94295070316798,5.800478648952994,0.0,53.428062506666876,18.053531696891937,33.588451582346046,25.8277029001865,16.12822487370362,Hybrid (Partial Temperature),0.045712272786716746
2020-10-14,8.761257960746919,2.6216487162689193,15.827826153651902,0.0,39.117354171652025,20.294460742281245,38.41518597265336,23.065005633978398,16.141823221667206,Hybrid (Partial Temperature),8.761257960746919
2020-10-15,1.0129024164406673,-2.1787556186520263,8.312608157853902,0.0,47.10512788243016,22.486822822658105,40.363972455435416,5.4185458426212545,16.948832862618346,Hybrid (Partial Temperature),1.0129024164406673
2020-10-16,5.837573606370249,0.10517849802482448,9.355178232116037,0.0,41.90323747138084,21.82996270774906,43.54311155313195,21.61127168680229,11.29474782952398,Hybrid (Partial Temperature),5.837573606370249
2020-10-17,1.7869500520481214,-5.522610425110728,8.102163980465503,0.0,47.111154378486894,12.589036947812465,21.148943466154925,27.650357695599524,10.02609744544631,Hybrid (Partial Temperature),1.7869500520481214
2020-10-18,7.028419282891119,1.1905484701147122,13.57879540518097,0.0,37.80452869403808,14.468769402824886,21.785128871369402,19.767692507596834,19.241323493950986,Hybrid (Partial Temperature),7.028419282891119
2020-10-19,7.907622468879161,4.028481141600686,12.380207439236608,0.0,38.08159445635975,9.30310900415844,17.761595849679605,5.152227759074647,25.262807577167624,Hybrid (Partial Temperature),7.907622468879161
2020-10-20,2.4283742979093463,-3.1235075538285737,10.285194291333115,0.0,41.78513686785161,13.962092062689363,24.10089353826086,9.96026951051941,20.73262599550333,Hybrid (Partial Temperature),2.4283742979093463
2020-10-21,-0.6844157925006567,-7.469144975147162,3.709021557839577,1.415527699845883,64.1464452535387,15.234809821999555,26.98529246819779,18.21561249452614,12.144453369588092,Hybrid (Partial Temperature),-0.6844157925006567
2020-10-22,7.204028816149837,3.6535028339228344,10.553939763074235,9.29144892369695,70.73582109554138,13.0690596854183,25.138361805416782,13.869801646668485,19.484063346854196,Hybrid (Partial Temperature),7.204028816149837
2020-10-23,10.778414213830612,3.69291882012942,16.374816019544745,0.0,47.06459378727473,12.549508665078328,20.46818556010129,24.2900190782529,17.597141327600177,Hybrid (Partial Temperature),10.778414213830612
2020-10-24,6.436841983767506,2.5994337779522008,12.908416414649295,6.935306871831209,62.27663735892658,20.209347777755326,33.61570402279823,20.434334418070783,11.78126190739015,Hybrid (Partial Temperature),6.436841983767506
2020-10-25,5.714526013157769,0.04414355207744691,9.937824948470944,0.0,44.55017426231396,19.570825707912046,30.302588050278874,29.028438018831906,10.0,Hybrid (Partial Temperature),5.714526013157769
2020-10-26,7.739684774756428,2.810967362572841,12.432595785906212,0.0,34.6881657288029,17.016438630606302,31.32549296442635,22.402510484391527,10.0,Hybrid (Partial Temperature),7.739684774756428
2020-10-27,7.627439415406204,3.384320577849426,13.445579330564053,0.0,41.81038121907626,8.623649826334903,13.853871306994778,19.099356447950033,26.184134250887347,Hybrid (Partial Temperature),7.627439415406204
2020-10-28,2.90152667113066,-3.3356358939130013,10.33491750007821,0.0,45.86120723950675,16.009191690627596,30.8436109569625,13.006070683232917,18.767934852477158,Hybrid (Partial Temperature),2.90152667113066
2020-10-29,3.4715872401374512,0.28462669627525417,10.208216769824523,0.0,50.502820675777045,13.079675558752603,23.61059349109081,25.013879597884944,11.988638187563136,Hybrid (Partial Temperature),3.4715872401374512
2020-10-30,7.347271585344907,0.5470425516266815,11.39523138091881,0.0,44.46984022372749,21.578729906623554,42.201149693983446,15.19879949035233,17.600678870842245,Hybrid (Partial Temperature),7.347271585344907
2020-10-31,5.15101319947461,-0.48368999419724457,9.409898553080126,0.0,46.100618489728575,5.9908612468342906,9.168997895777032,7.958108538711436,22.00532823825218,Hybrid (Partial Temperature),5.15101319947461
2020-11-01,9.606294388712069,2.2274383359928045,15.225697834549536,3.619194082463499,63.20252695738647,12.213381431104931,24.37612893050632,15.457143011321481,12.931569372684319,Hybrid (Partial Temperature),9.606294388712069
2020-11-02,3.6211258141864207,-1.9824657854203291,10.465919289010742,12.382183340986938,66.05944864509881,12.082394247176524,20.52673736108705,14.458942493456808,11.270603858836672,Hybrid (Partial Temperature),3.6211258141864207
2020-11-03,8.067883939198301,4.892718096528061,14.161692830161986,13.046588831391698,55.51837223503144,12.69388010911893,22.50411387684196,8.13058591214349,10.0,Hybrid (Partial Temperature),8.067883939198301
2020-11-04,6.930073074979254,3.212068230568544,12.436694406483834,0.0,41.001344974724105,19.8287037810139,36.12526170959791,20.86512860653155,26.386244032933448,Hybrid (Partial Temperature),6.930073074979254
2020-11-05,5.613128876527219,-1.364894066676917,11.598755575728429,0.0,50.935050300891604,5.0,8.713195789711449,14.073614433562076,22.5302938021445,Hybrid (Partial Temperature),5.613128876527219
2020-11-06,9.614607061815875,4.154726817526134,16.39490720746418,0.0,45.899316403345985,14.037517024671274,24.76139630138731,17.81355003969388,23.334696232450447,Hybrid (Partial Temperature),9.614607061815875
2020-11-07,8.225645282852767,3.016248925523474,13.911044251854488,0.0,44.96838471841281,19.354278419713793,33.06829064423547,9.56735551003105,22.631180133801585,Hybrid (Partial Temperature),8.225645282852767
2020-11-08,3.273178717073682,-1.3189951898137853,10.761942438093868,0.2588870290969967,65.33285257903061,20.027093106101937,31.912004734953246,13.87177507816238,10.0,Hybrid (Partial Temperature),3.273178717073682
2020-11-09,8.315448849220001,3.8927028578843483,16.05078630167139,32.64529863841233,65.8041042019844,12.409872529778747,24.630139802637704,20.43698862794276,19.335642611144475,Hybrid (Partial Temperature),8.315448849220001
2020-11-10,10.630508849698947,2.801077287250177,18.207281382826405,0.0,36.6565936430574,11.78804455057347,22.403745324181433,13.2826160818169,22.225157493705353,Hybrid (Partial Temperature),10.630508849698947
2020-11-11,6.228945736152897,1.0640990822357592,13.001537436453006,0.0,35.71610572218522,16.952584452306972,30.496780466709072,12.448210432756122,19.36128008740445,Hybrid (Partial Temperature),6.228945736152897
2020-11-12,5.993019799694625,-1.4269953636804598,10.224624819650739,0.0,41.86141260264067,16.014178899529394,24.47432426666783,30.292464513660967,10.0,Hybrid (Partial Temperature),5.993019799694625
2020-11-13,4.852682979905776,-1.3881326361230961,9.779040209950214,0.0,47.07199439553795,15.646376356621214,30.469155976362853,17.213781185703667,18.14688809983306,Hybrid (Partial Temperature),4.852682979905776
2020-11-14,6.94734302202999,-0.3447952093383089,11.347342777361744,1.4967168400997792,63.91743833916653,5.0,7.6935139032137005,20.13319199651766,17.26685899477434,Hybrid (Partial Temperature),6.94734302202999
2020-11-15,9.177142684021685,1.9148949601517478,15.46544388931721,0.0,47.37928402887792,9.752841136761322,18.443508662246725,20.224823014478165,27.808194177030135,Hybrid (Partial Temperature),9.177142684021685
2020-11-16,4.799738728350842,-2.9818214105976653,9.420846850559272,0.0,46.30439476809489,11.121536419838407,17.009454637488492,15.68249540046282,18.862762412347692,Hybrid (Partial Temperature),4.799738728350842
2020-11-17,3.351651233271105,-3.138059947744365,10.123609257792786,0.0,45.54718001687164,18.70448414684364,35.176283599343805,18.70119528567637,15.721889271560753,Hybrid (Partial Temperature),3.351651233271105
2020-11-18,6.405190871567102,-0.621793805404729,9.972736263613514,12.63952804405988,70.48822527541023,8.340237602383215,16.03234149944558,8.202292523852586,15.90933644001559,Hybrid (Partial Temperature),6.405190871567102
2020-11-19,3.5386767644875317,-3.1269627125253763,10.415500578700989,0.0,51.00333974601163,10.368301616278796,17.88402262084948,25.157864882528145,26.053331075562948,Hybrid (Partial Temperature),3.5386767644875317
2020-11-20,9.396569438737478,3.370435259008575,15.326079312004154,0.0,41.98224630169182,14.88970768210874,26.463393138304312,23.757558793773292,25.848561216245994,Hybrid (Partial Temperature),9.396569438737478
2020-11-21,6.699514367398441,0.11274369793978245,13.876457803130942,0.0,38.36893649081545,9.286607280308772,17.819055077049313,16.3703909350121,18.957516426137417,Hybrid (Partial Temperature),6.699514367398441
2020-11-22,2.8696096149959196,-3.709142442128245,8.023987875649478,4.771380346243847,61.32803466944515,19.004556648738482,37.730575994854675,15.094828654349262,17.681780393909854,Hybrid (Partial Temperature),2.8696096149959196
2020-11-23,7.249739689722829,4.04520072454134,13.374561955767096,0.0,42.93595439725151,13.901701719103631,20.9760529041783,6.385891294904109,10.0,Hybrid (Partial Temperature),7.249739689722829
2020-11-24,7.880932639358656,2.3003784617011434,13.652993297186228,0.0,41.66469844941908,25.094391533445226,39.27005474776933,22.282807718066838,10.0,Hybrid (Partial Temperature),7.880932639358656
2020-11-25,9.972819712900712,3.0095629092683396,17.85117604466612,0.0,50.81545291181748,12.855097718183124,24.836984740794456,13.308210030887341,14.815873361475344,Hybrid (Partial Temperature),9.972819712900712
2020-11-26,8.359328055089042,4.144517122539022,15.136700012179592,20.26640709087006,55.00921157852386,13.198770519571694,24.276158463499428,19.37912665052095,20.562441931846603,Hybrid (Partial Temperature),8.359328055089042
2020-11-27,14.574924026059639,9.249184093689571,20.298990273097722,0.0,40.0599337684775,20.181516346912908,33.020635719086506,5.044779765910722,15.602224537279294,Hybrid (Partial Temperature),14.574924026059639
2020-11-28,7.589227870944316,2.4142993161423405,11.459388323637917,0.0,38.624696391481265,12.96439831522517,22.331997154930647,19.569862705279537,10.03567910644266,Hybrid (Partial Temperature),7.589227870944316
2020-11-29,9.137955020026455,4.124019173605236,16.658526104277122,0.0,43.84982810264308,23.883278054914893,37.15250351299722,13.944542929279752,22.075290489748973,Hybrid (Partial Temperature),9.137955020026455
2020-11-30,9.199393251437282,5.590195612600224,13.228582164853833,0.0,45.233347771370404,18.82693512860326,28.510389562812506,15.277706183831315,22.41893322877642,Hybrid (Partial Temperature),9.199393251437282
2020-12-01,8.846323338423916,3.217765632073177,15.0965396223747,0.0,41.563542358830254,14.98242938750566,27.957101930240725,5.2941435049055645,33.292860316225514,Hybrid (Partial Temperature),8.846323338423916
2020-12-02,10.310622472544635,5.079380646192977,17.992981737418106,0.0,45.6002715911775,15.789825958269827,29.40122417728882,19.998167496497373,20.17700745163643,Hybrid (Partial Temperature),10.310622472544635
2020-12-03,11.699174617958832,5.382210831570628,15.81707276901729,0.0,41.354931540218054,30.941832421929867,57.15401940804532,10.984340598043966,21.399251939295443,Hybrid (Partial Temperature),11.699174617958832
2020-12-04,14.290852695084578,8.54378740117232,18.420470398766653,0.0,40.25218987103973,19.22850626196561,37.34608785089648,14.971640928883627,17.771692036063744,Hybrid (Partial Temperature),14.290852695084578
2020-12-05,5.760747104463947,2.6230324562031813,13.019841656574071,0.0,43.42415204598689,17.63699448963354,28.98322817116492,20.96008086576071,44.57294138832973,Hybrid (Partial Temperature),5.760747104463947
2020-12-06,9.138270151968616,5.9786802139398585,16.27654528181304,0.0,47.18073530131386,16.323505342336293,27.942721905242635,14.762609604438348,29.135514733821438,Hybrid (Partial Temperature),9.138270151968616
2020-12-07,9.529532672216375,3.0227336671252107,14.288049437104897,0.0,44.527644230242295,22.276353595833548,36.205509705931206,29.298844297048774,17.588225196913232,Hybrid (Partial Temperature),9.529532672216375
2020-12-08,13.892650587673657,7.354744994876877,18.21813203108288,0.0,49.62627415975639,9.6054099202959,17.4112834660956,9.13773860245777,10.0,Hybrid (Partial Temperature),13.892650587673657
2020-12-09,10.218006714972951,2.4183110463506168,13.854949076281764,52.90553270048723,70.05633257318308,16.399911616326506,29.82337810762339,17.148331173062235,14.384251349316655,Hybrid (Partial Temperature),10.218006714972951
2020-12-10,5.813946876395268,-1.569576531123789,13.75362739189599,0.0,48.788201330256655,5.0,8.51944370717229,18.395107796094173,17.58330617977762,Hybrid (Partial Temperature),5.813946876395268
2020-12-11,11.976661694085426,6.636363357149146,19.15337719848676,0.0,32.25409986087852,14.863240993476111,29.24440034621933,8.407283805484191,14.286465778905763,Hybrid (Partial Temperature),11.976661694085426
2020-12-12,11.828854732302695,5.69932217387685,19.325812756997877,2.148318981991688,55.81912065939264,21.88546383491361,38.174266925664114,16.19152550360351,24.476596108900807,Hybrid (Partial Temperature),11.828854732302695
2020-12-13,12.68802058683069,7.4021119483493605,18.256417216882724,0.0,47.86016200296169,24.674713811316963,48.333401304738985,14.256369174665286,17.537660972271212,Hybrid (Partial Temperature),12.68802058683069
2020-12-14,9.249447199279992,5.134716015941227,12.82137136071136,17.117786480436955,62.38987719530398,20.913284968082447,39.00805149567824,17.24341920797474,13.080571788144992,Hybrid (Partial Temperature),9.249447199279992
2020-12-15,17.75047079085385,12.867085804572136,21.013372483105396,0.0,41.81375993783508,21.205259686972237,41.76007665797777,18.881716064565246,31.270370299350404,Hybrid (Partial Temperature),17.75047079085385
2020-12-16,11.847413046907139,8.327991884583808,16.500323560981887,0.0,40.562748619698155,9.549964877990167,17.942956164722464,25.53867036608608,14.091465908160801,Hybrid (Partial Temperature),11.847413046907139
2020-12-17,12.481855360976231,6.149219766001269,20.08350752591043,7.04214088663949,66.11342909915068,14.863694754695876,23.96542461088869,17.814124776447365,10.0,Hybrid (Partial Temperature),12.481855360976231
2020-12-18,10.57653416446636,6.616383445896521,18.314443340153595,33.647998118399414,69.39469627120357,25.755678897137827,47.51490099410193,19.673630788132918,34.419667324491414,Hybrid (Partial Temperature),10.57653416446636
2020-12-19,10.715360100119351,5.33802116266377,17.921179428965033,0.0,38.617245457049435,15.894404337229531,25.73653197239387,26.387829001805372,41.49986482926274,Hybrid (Partial Temperature),10.715360100119351
2020-12-20,10.07388508156889,2.2367020664620014,13.867280798921593,10.73204802197301,61.050237138263114,17.965764980632645,29.559189174753822,4.852458546959127,27.753325817944475,Hybrid (Partial Temperature),10.07388508156889
2020-12-21,12.797747606566922,9.639402953326485,17.897363462122318,0.0,35.571376461036316,14.751722583802911,23.760932030772842,14.164816813045304,33.17717505029727,Hybrid (Partial Temperature),12.797747606566922
2020-12-22,11.342303390075987,7.583653639794926,15.573517983576618,8.995267893703188,65.92047597834161,14.246473871397518,24.90550532119554,16.31247476100642,33.31189163193518,Hybrid (Partial Temperature),11.342303390075987
2020-12-23,20.623533880315566,16.130637958456976,24.65028275395739,0.0,31.923923901472484,16.70138699799384,28.676417949203245,5.209598360321463,47.03876365773715,Hybrid (Partial Temperature),20.623533880315566
2020-12-24,9.029381026193972,1.3203462041126999,15.45351027674722,0.0,44.356258093258816,15.88671743582624,31.035781958600854,16.68968915895366,20.53103496423663,Hybrid (Partial Temperature),9.029381026193972
2020-12-25,11.552164861542916,4.007955880901264,16.98272320014175,0.0,47.664315554368386,24.120491416173024,43.33403590471889,2.0,25.077681893707688,Hybrid (Partial Temperature),11.552164861542916
2020-12-26,13.97671178924348,10.166707585183676,18.60126001412261,0.0,54.28711546246389,20.552494857770267,34.525856169994206,21.203903634072653,25.45544842391834,Hybrid (Partial Temperature),13.97671178924348
2020-12-27,17.446655464450632,9.541066598063242,20.94772777612474,0.0,44.24807207921598,24.714367416834598,44.77442398400943,5.974916834865926,29.65909088371664,Hybrid (Partial Temperature),17.446655464450632
2020-12-28,14.431492862650666,7.677755237003561,20.155309717608812,0.0,50.323881020280794,12.829656409709028,21.435359789626983,7.623485227282458,27.825303566887342,Hybrid (Partial Temperature),14.431492862650666
2020-12-29,17.948517815997352,12.248632401334364,22.683643581331836,0.0,43.74418568166614,26.040556302499244,49.94991729186248,20.112127361173528,29.08375825203904,Hybrid (Partial Temperature),17.948517815997352
2020-12-30,13.209288905386211,5.550774490578782,18.16476793613851,0.0,46.51317690801921,20.169525618624753,31.152683517964068,4.829694931676823,31.141532722346824,Hybrid (Partial Temperature),13.209288905386211
2020-12-31,16.597781911594872,9.194746200711908,21.150325620568402,2.607460563569238,62.36851596956573,29.409403519471837,47.33021496266468,30.9411980858284,46.08223539180789,Hybrid (Partial Temperature),16.597781911594872
