date,precipitation
2015-01-01,0.40404420508292443
2015-01-02,0.0
2015-01-03,0.0
2015-01-04,0.0
2015-01-05,0.0
2015-01-06,0.0
2015-01-07,0.0
2015-01-08,0.0
2015-01-09,0.0
2015-01-10,9.833071668716643
2015-01-11,10.594569026652977
2015-01-12,0.0
2015-01-13,0.0
2015-01-14,10.985698641240754
2015-01-15,1.0423669087350276
2015-01-16,0.0
2015-01-17,0.0
2015-01-18,0.0
2015-01-19,0.0
2015-01-20,0.0
2015-01-21,0.0
2015-01-22,0.0
2015-01-23,0.0
2015-01-24,1.0703438533382348
2015-01-25,52.2573224978933
2015-01-26,21.680101632455195
2015-01-27,10.790422890510696
2015-01-28,10.790422890510696
2015-01-29,0.0
2015-01-30,0.0
2015-01-31,8.204422981333252
2015-02-01,0.0
2015-02-02,0.12456458773072741
2015-02-03,0.0
2015-02-04,0.0
2015-02-05,0.0
2015-02-06,0.0
2015-02-07,19.85561932002826
2015-02-08,0.0
2015-02-09,0.0
2015-02-10,0.14617253681938694
2015-02-11,0.0
2015-02-12,4.09761029848828
2015-02-13,0.12359009144285216
2015-02-14,9.711607016865848
2015-02-15,0.0
2015-02-16,0.1253846963328891
2015-02-17,0.0
2015-02-18,0.0
2015-02-19,0.0
2015-02-20,0.0
2015-02-21,0.12002676950485301
2015-02-22,0.0
2015-02-23,0.0
2015-02-24,0.0
2015-02-25,0.0
2015-02-26,6.790692582009559
2015-02-27,0.0
2015-02-28,3.0207337242793497
2015-03-01,0.0
2015-03-02,0.0
2015-03-03,0.0
2015-03-04,0.0
2015-03-05,0.0
2015-03-06,0.0
2015-03-07,0.0
2015-03-08,0.0
2015-03-09,0.0
2015-03-10,0.0
2015-03-11,0.0
2015-03-12,1.17391432793228
2015-03-13,0.0
2015-03-14,11.524275244423226
2015-03-15,0.541418430044191
2015-03-16,7.74512379908278
2015-03-17,0.0
2015-03-18,7.74512379908278
2015-03-19,0.0
2015-03-20,8.499239442265841
2015-03-21,16.075480268214935
2015-03-22,15.703497993717894
2015-03-23,1.419899776693582
2015-03-24,0.0
2015-03-25,0.0
2015-03-26,4.452039177406654
2015-03-27,1.9982455967006691
2015-03-28,8.337049074266714
2015-03-29,0.0
2015-03-30,0.0
2015-03-31,0.0
2015-04-01,0.0
2015-04-02,0.0
2015-04-03,0.3545548645745764
2015-04-04,0.7471183247968316
2015-04-05,0.0
2015-04-06,0.0
2015-04-07,0.0
2015-04-08,13.931429927606874
2015-04-09,0.0
2015-04-10,0.0
2015-04-11,0.0
2015-04-12,0.5316049338497156
2015-04-13,0.0
2015-04-14,0.0
2015-04-15,0.0
2015-04-16,0.0
2015-04-17,0.0
2015-04-18,1.9202048838971133
2015-04-19,0.0
2015-04-20,0.0
2015-04-21,0.0
2015-04-22,0.6889694596718337
2015-04-23,13.476734613299184
2015-04-24,2.3196122573560465
2015-04-25,0.0
2015-04-26,0.0
2015-04-27,0.3823206240934717
2015-04-28,0.0
2015-04-29,0.0
2015-04-30,0.0
2015-05-01,0.0
2015-05-02,2.2577453405821317
2015-05-03,0.0
2015-05-04,0.0
2015-05-05,0.0
2015-05-06,0.0
2015-05-07,0.0
2015-05-08,0.0
2015-05-09,0.0
2015-05-10,0.30174793360829044
2015-05-11,0.0
2015-05-12,0.0
2015-05-13,0.0
2015-05-14,0.0
2015-05-15,0.0
2015-05-16,0.0
2015-05-17,0.0
2015-05-18,2.679262296313519
2015-05-19,0.0
2015-05-20,0.0
2015-05-21,0.0
2015-05-22,0.0
2015-05-23,0.692249774686179
2015-05-24,0.0
2015-05-25,0.0
2015-05-26,0.13774881792142485
2015-05-27,0.0
2015-05-28,0.0
2015-05-29,0.0
2015-05-30,0.0
2015-05-31,0.0
2015-06-01,0.0
2015-06-02,0.0
2015-06-03,2.9884284473859273
2015-06-04,0.0
2015-06-05,0.0
2015-06-06,0.0
2015-06-07,0.0
2015-06-08,0.0
2015-06-09,0.0
2015-06-10,0.0
2015-06-11,0.0
2015-06-12,0.0
2015-06-13,0.0
2015-06-14,0.0
2015-06-15,0.0
2015-06-16,0.0
2015-06-17,0.0
2015-06-18,0.0
2015-06-19,0.0
2015-06-20,0.2604707988259463
2015-06-21,0.0
2015-06-22,3.279471177112483
2015-06-23,0.0
2015-06-24,0.0
2015-06-25,0.0
2015-06-26,0.0
2015-06-27,0.0
2015-06-28,0.0
2015-06-29,0.0
2015-06-30,0.0
2015-07-01,0.0
2015-07-02,0.0
2015-07-03,0.0
2015-07-04,0.0
2015-07-05,0.0
2015-07-06,0.0
2015-07-07,0.0
2015-07-08,0.0
2015-07-09,0.0
2015-07-10,0.0
2015-07-11,0.0
2015-07-12,0.0
2015-07-13,0.0
2015-07-14,0.0
2015-07-15,0.0
2015-07-16,0.0
2015-07-17,0.0
2015-07-18,0.0
2015-07-19,0.0
2015-07-20,0.0
2015-07-21,0.0
2015-07-22,0.0
2015-07-23,0.0
2015-07-24,0.0
2015-07-25,0.0
2015-07-26,0.0
2015-07-27,0.0
2015-07-28,0.0
2015-07-29,0.0
2015-07-30,0.0
2015-07-31,0.0
2015-08-01,0.0
2015-08-02,0.0
2015-08-03,0.0
2015-08-04,0.0
2015-08-05,0.0
2015-08-06,0.0
2015-08-07,0.0
2015-08-08,0.0
2015-08-09,0.0
2015-08-10,0.0
2015-08-11,0.0
2015-08-12,0.0
2015-08-13,0.0
2015-08-14,0.0
2015-08-15,0.0
2015-08-16,0.0
2015-08-17,0.0
2015-08-18,0.0
2015-08-19,0.0
2015-08-20,0.0
2015-08-21,0.0
2015-08-22,1.1854833874502642
2015-08-23,0.0
2015-08-24,0.0
2015-08-25,0.0
2015-08-26,0.0
2015-08-27,0.0
2015-08-28,0.0
2015-08-29,0.0
2015-08-30,0.0
2015-08-31,0.16330660271385578
2015-09-01,0.0
2015-09-02,0.0
2015-09-03,9.752486210935054
2015-09-04,0.2042670508955528
2015-09-05,16.207109164648948
2015-09-06,0.0
2015-09-07,0.0
2015-09-08,0.0
2015-09-09,0.0
2015-09-10,0.0
2015-09-11,0.0
2015-09-12,0.0
2015-09-13,0.0
2015-09-14,0.0
2015-09-15,0.04085426804196693
2015-09-16,0.0
2015-09-17,0.0
2015-09-18,0.0
2015-09-19,0.0
2015-09-20,0.0
2015-09-21,3.7637311621644742
2015-09-22,0.0
2015-09-23,0.0
2015-09-24,0.0
2015-09-25,6.712510125228796
2015-09-26,0.0
2015-09-27,0.0
2015-09-28,0.0
2015-09-29,0.0
2015-09-30,0.0
2015-10-01,0.0
2015-10-02,0.0
2015-10-03,0.0
2015-10-04,0.0
2015-10-05,0.0
2015-10-06,0.0
2015-10-07,0.0
2015-10-08,3.747282763558599
2015-10-09,0.0
2015-10-10,0.0
2015-10-11,0.0
2015-10-12,0.0
2015-10-13,1.7457762472504974
2015-10-14,4.472180601357797
2015-10-15,4.5949431087337995
2015-10-16,0.0
2015-10-17,0.0
2015-10-18,0.0
2015-10-19,0.0
2015-10-20,1.75934007879495
2015-10-21,0.0
2015-10-22,0.0
2015-10-23,0.0
2015-10-24,4.142053908038744
2015-10-25,0.0
2015-10-26,5.396568064238208
2015-10-27,0.0
2015-10-28,0.0
2015-10-29,0.0
2015-10-30,0.0
2015-10-31,0.0
2015-11-01,0.0
2015-11-02,0.0
2015-11-03,0.0
2015-11-04,0.0
2015-11-05,0.0
2015-11-06,3.653598096231322
2015-11-07,0.6707170766311424
2015-11-08,0.0
2015-11-09,0.0
2015-11-10,0.0
2015-11-11,0.0
2015-11-12,0.0
2015-11-13,0.0
2015-11-14,0.0
2015-11-15,0.0
2015-11-16,5.550911343412207
2015-11-17,11.101822686824415
2015-11-18,15.368702174589783
2015-11-19,11.101822686824415
2015-11-20,11.101822686824415
2015-11-21,8.181491877214933
2015-11-22,0.0
2015-11-23,0.0
2015-11-24,0.0
2015-11-25,0.0
2015-11-26,0.0
2015-11-27,0.0
2015-11-28,7.666692307990756
2015-11-29,0.13837247750824497
2015-11-30,0.0
2015-12-01,8.500251342272179
2015-12-02,6.179086947157416
2015-12-03,0.0
2015-12-04,0.0
2015-12-05,0.0
2015-12-06,0.0
2015-12-07,6.766034268864189
2015-12-08,4.8051233567910305
2015-12-09,0.0
2015-12-10,0.0
2015-12-11,27.565072026575898
2015-12-12,0.0
2015-12-13,0.0
2015-12-14,0.0
2015-12-15,0.0
2015-12-16,0.0
2015-12-17,5.475403615494682
2015-12-18,4.882648398699812
2015-12-19,0.0
2015-12-20,0.0
2015-12-21,7.785044562304755
2015-12-22,0.0
2015-12-23,0.0
2015-12-24,5.25706138033603
2015-12-25,0.07684138002509104
2015-12-26,0.0
2015-12-27,7.556581797158231
2015-12-28,0.0
2015-12-29,0.0
2015-12-30,0.0
2015-12-31,0.0
2016-01-01,0.0
2016-01-02,9.258535447789175
2016-01-03,0.0
2016-01-04,0.0
2016-01-05,0.0
2016-01-06,0.0
2016-01-07,0.0
2016-01-08,28.844457153699217
2016-01-09,28.844457153699217
2016-01-10,14.04141308764257
2016-01-11,18.74910623399446
2016-01-12,29.45232341132877
2016-01-13,11.087541394941681
2016-01-14,24.467444473637617
2016-01-15,0.40517021619280696
2016-01-16,0.0
2016-01-17,0.0
2016-01-18,0.0
2016-01-19,0.0
2016-01-20,5.053375259928302
2016-01-21,0.0
2016-01-22,55.40976750412816
2016-01-23,0.7855286339189004
2016-01-24,0.0
2016-01-25,0.0
2016-01-26,0.0
2016-01-27,0.0
2016-01-28,0.0
2016-01-29,0.0
2016-01-30,0.0
2016-01-31,0.0
2016-02-01,0.0
2016-02-02,0.0
2016-02-03,0.7823747806578676
2016-02-04,0.0
2016-02-05,7.877124086292187
2016-02-06,7.805859548713776
2016-02-07,0.2598954399077312
2016-02-08,9.808055936889334
2016-02-09,4.209657926233827
2016-02-10,0.0
2016-02-11,0.0
2016-02-12,0.0
2016-02-13,0.0
2016-02-14,12.199099653691007
2016-02-15,0.7827202882781525
2016-02-16,0.0
2016-02-17,11.938365912104416
2016-02-18,6.025992109068797
2016-02-19,0.0
2016-02-20,0.0
2016-02-21,0.0
2016-02-22,0.0
2016-02-23,0.0
2016-02-24,12.28544769148967
2016-02-25,7.8691477521490825
2016-02-26,6.523948923269825
2016-02-27,0.0
2016-02-28,0.0
2016-02-29,0.0
2016-03-01,5.543467391049129
2016-03-02,0.0
2016-03-03,0.0
2016-03-04,0.0
2016-03-05,12.02591745975532
2016-03-06,0.0
2016-03-07,0.0
2016-03-08,0.0
2016-03-09,22.484255466569724
2016-03-10,10.406018674527804
2016-03-11,5.300712773914603
2016-03-12,0.0
2016-03-13,0.0
2016-03-14,17.65759328703034
2016-03-15,1.7230266726701544
2016-03-16,0.0
2016-03-17,15.19876760876493
2016-03-18,0.0
2016-03-19,0.0
2016-03-20,0.0
2016-03-21,0.0
2016-03-22,0.15993612175214741
2016-03-23,13.594533130410909
2016-03-24,0.0
2016-03-25,0.0
2016-03-26,0.0
2016-03-27,7.478904294646964
2016-03-28,3.596524933120838
2016-03-29,0.0
2016-03-30,0.0
2016-03-31,9.00654937242882
2016-04-01,0.0
2016-04-02,0.0
2016-04-03,0.0
2016-04-04,0.0
2016-04-05,0.0
2016-04-06,0.28204613624924024
2016-04-07,0.0
2016-04-08,0.0
2016-04-09,0.0
2016-04-10,0.0
2016-04-11,0.0
2016-04-12,0.0
2016-04-13,0.0
2016-04-14,0.0
2016-04-15,0.0
2016-04-16,0.0
2016-04-17,0.0
2016-04-18,0.7108104605164112
2016-04-19,0.0
2016-04-20,3.5257026459723018
2016-04-21,3.20698473259876
2016-04-22,0.0
2016-04-23,0.0
2016-04-24,0.0
2016-04-25,0.0
2016-04-26,13.340600239694027
2016-04-27,0.0
2016-04-28,0.0
2016-04-29,0.0
2016-04-30,0.0
2016-05-01,3.3792791869809333
2016-05-02,0.0
2016-05-03,0.0
2016-05-04,0.0
2016-05-05,0.0
2016-05-06,0.0
2016-05-07,0.0
2016-05-08,0.0
2016-05-09,0.0
2016-05-10,0.0
2016-05-11,0.0
2016-05-12,0.0
2016-05-13,0.0
2016-05-14,14.378149032099408
2016-05-15,0.0
2016-05-16,0.0
2016-05-17,0.0
2016-05-18,0.0
2016-05-19,0.0
2016-05-20,0.0
2016-05-21,3.105448687317084
2016-05-22,0.0
2016-05-23,0.0
2016-05-24,0.0
2016-05-25,0.0
2016-05-26,0.0
2016-05-27,3.2095865971426605
2016-05-28,0.0
2016-05-29,0.0
2016-05-30,0.0
2016-05-31,0.0
2016-06-01,0.0
2016-06-02,0.0
2016-06-03,0.0
2016-06-04,0.0
2016-06-05,0.0
2016-06-06,0.0
2016-06-07,0.0
2016-06-08,0.0
2016-06-09,0.0
2016-06-10,0.0
2016-06-11,0.0
2016-06-12,1.8459830030035742
2016-06-13,6.789419813101858
2016-06-14,0.0
2016-06-15,0.0
2016-06-16,0.0
2016-06-17,0.0
2016-06-18,0.0
2016-06-19,0.0
2016-06-20,0.0
2016-06-21,0.0
2016-06-22,0.0
2016-06-23,0.0
2016-06-24,0.0
2016-06-25,0.0
2016-06-26,0.0
2016-06-27,0.0
2016-06-28,0.0
2016-06-29,0.0
2016-06-30,0.0
2016-07-01,0.0
2016-07-02,0.0
2016-07-03,0.0
2016-07-04,0.0
2016-07-05,0.0
2016-07-06,0.0
2016-07-07,0.0
2016-07-08,0.0
2016-07-09,0.0
2016-07-10,0.0
2016-07-11,0.0
2016-07-12,0.0
2016-07-13,0.0
2016-07-14,0.0
2016-07-15,0.0
2016-07-16,0.0
2016-07-17,0.0
2016-07-18,0.0
2016-07-19,0.0
2016-07-20,0.0
2016-07-21,0.0
2016-07-22,0.0
2016-07-23,0.0
2016-07-24,0.0
2016-07-25,5.802158487564655
2016-07-26,0.17002375324464375
2016-07-27,0.0
2016-07-28,0.0
2016-07-29,0.0
2016-07-30,0.0
2016-07-31,0.0
2016-08-01,0.0
2016-08-02,0.0
2016-08-03,0.0
2016-08-04,0.0
2016-08-05,0.0
2016-08-06,0.0
2016-08-07,0.0
2016-08-08,0.0
2016-08-09,0.0
2016-08-10,0.0
2016-08-11,0.0
2016-08-12,0.0
2016-08-13,0.0
2016-08-14,0.0
2016-08-15,0.0
2016-08-16,0.0
2016-08-17,0.0
2016-08-18,0.0
2016-08-19,0.0
2016-08-20,0.0
2016-08-21,0.0
2016-08-22,0.0
2016-08-23,0.0
2016-08-24,0.0
2016-08-25,0.0
2016-08-26,0.0
2016-08-27,0.0
2016-08-28,0.0
2016-08-29,0.0
2016-08-30,0.0
2016-08-31,0.0
2016-09-01,0.47570024335933236
2016-09-02,0.0
2016-09-03,0.0
2016-09-04,0.0
2016-09-05,0.0
2016-09-06,0.0
2016-09-07,0.0
2016-09-08,0.0
2016-09-09,0.0
2016-09-10,0.0
2016-09-11,0.0
2016-09-12,0.0
2016-09-13,0.0
2016-09-14,0.0
2016-09-15,0.0
2016-09-16,0.0
2016-09-17,0.0
2016-09-18,1.9263650811033055
2016-09-19,0.0
2016-09-20,0.0
2016-09-21,0.0
2016-09-22,0.0
2016-09-23,0.0
2016-09-24,0.0
2016-09-25,0.0
2016-09-26,0.0
2016-09-27,5.065151884342436
2016-09-28,0.0
2016-09-29,0.0
2016-09-30,0.0
2016-10-01,0.0
2016-10-02,0.0
2016-10-03,0.0
2016-10-04,0.0
2016-10-05,0.0
2016-10-06,0.0
2016-10-07,0.0
2016-10-08,2.019274828042999
2016-10-09,0.9646728069623146
2016-10-10,0.0
2016-10-11,0.0
2016-10-12,0.0
2016-10-13,0.0
2016-10-14,0.0
2016-10-15,6.788422066993932
2016-10-16,0.0
2016-10-17,0.0
2016-10-18,10.3363087417792
2016-10-19,15.137803723512384
2016-10-20,10.3363087417792
2016-10-21,8.08102774089689
2016-10-22,9.755501290768834
2016-10-23,0.0
2016-10-24,0.0
2016-10-25,0.0
2016-10-26,16.251704741930382
2016-10-27,0.0
2016-10-28,0.0
2016-10-29,0.0
2016-10-30,0.0
2016-10-31,0.8112314412215184
2016-11-01,0.0
2016-11-02,11.71178530561326
2016-11-03,0.0
2016-11-04,0.0
2016-11-05,6.474324076396471
2016-11-06,0.0
2016-11-07,0.0
2016-11-08,6.430026140721179
2016-11-09,0.0
2016-11-10,4.048843289556371
2016-11-11,17.22124124547699
2016-11-12,7.292125861014472
2016-11-13,0.0
2016-11-14,6.164619218359571
2016-11-15,15.098956845673762
2016-11-16,5.7945593707128555
2016-11-17,2.2696578877612343
2016-11-18,0.0
2016-11-19,3.7042362576498005
2016-11-20,5.7945593707128555
2016-11-21,10.896142895950657
2016-11-22,3.1161010894390575
2016-11-23,3.1161010894390575
2016-11-24,12.70561717546979
2016-11-25,6.857473075914064
2016-11-26,0.0
2016-11-27,0.85973012428856
2016-11-28,0.0
2016-11-29,0.0
2016-11-30,13.385846170069208
2016-12-01,0.9752823932764139
2016-12-02,0.0
2016-12-03,0.0
2016-12-04,7.640501186876054
2016-12-05,8.23220692036131
2016-12-06,3.038525263016173
2016-12-07,6.426891344912114
2016-12-08,5.3977873218041035
2016-12-09,0.8315674503788205
2016-12-10,5.700794111183746
2016-12-11,8.16443362559177
2016-12-12,2.356949488239713
2016-12-13,15.45782676534954
2016-12-14,0.0
2016-12-15,0.0
2016-12-16,0.0
2016-12-17,0.0
2016-12-18,0.0
2016-12-19,8.338630116053709
2016-12-20,1.9519964416472333
2016-12-21,23.018174301202716
2016-12-22,0.0
2016-12-23,11.509087150601358
2016-12-24,0.0
2016-12-25,0.0
2016-12-26,0.0
2016-12-27,0.0
2016-12-28,22.435555971661685
2016-12-29,0.0
2016-12-30,0.0
2016-12-31,0.0
2017-01-01,7.632419029666055
2017-01-02,0.0
2017-01-03,1.3443688354650065
2017-01-04,0.0
2017-01-05,0.0
2017-01-06,47.78826630972729
2017-01-07,78.37709197563886
2017-01-08,1.7208155806176844
2017-01-09,0.0
2017-01-10,0.0
2017-01-11,0.0
2017-01-12,0.0
2017-01-13,14.936483712746453
2017-01-14,0.0
2017-01-15,0.0
2017-01-16,0.0
2017-01-17,0.0
2017-01-18,0.0
2017-01-19,0.0
2017-01-20,8.302309830819025
2017-01-21,3.1844647250148337
2017-01-22,0.0
2017-01-23,0.0
2017-01-24,2.3331272526843154
2017-01-25,0.0
2017-01-26,15.697723533721149
2017-01-27,16.6155503253769
2017-01-28,12.248175565529166
2017-01-29,16.50655279884792
2017-01-30,8.468826363756445
2017-01-31,0.0
2017-02-01,0.0
2017-02-02,0.0
2017-02-03,0.0
2017-02-04,0.0
2017-02-05,0.0
2017-02-06,0.71131253476841
2017-02-07,0.12164485633404097
2017-02-08,0.0
2017-02-09,2.622437036043612
2017-02-10,16.729691407252517
2017-02-11,0.0
2017-02-12,0.0
2017-02-13,2.7214623040259966
2017-02-14,14.21529536042507
2017-02-15,0.0
2017-02-16,0.0
2017-02-17,0.0
2017-02-18,0.0
2017-02-19,0.0
2017-02-20,25.33645676357784
2017-02-21,17.620521064872765
2017-02-22,0.0
2017-02-23,0.0
2017-02-24,0.0
2017-02-25,58.72550896271115
2017-02-26,0.0
2017-02-27,0.0
2017-02-28,0.0
2017-03-01,0.0
2017-03-02,0.0
2017-03-03,52.05315863524948
2017-03-04,0.0
2017-03-05,0.0
2017-03-06,0.0
2017-03-07,0.0
2017-03-08,0.0
2017-03-09,0.0
2017-03-10,0.0
2017-03-11,0.0
2017-03-12,0.0
2017-03-13,0.0
2017-03-14,0.0
2017-03-15,0.0
2017-03-16,0.0
2017-03-17,0.0
2017-03-18,0.0
2017-03-19,0.0
2017-03-20,0.0
2017-03-21,0.0
2017-03-22,0.0
2017-03-23,0.0
2017-03-24,0.0
2017-03-25,0.0
2017-03-26,0.0
2017-03-27,0.0
2017-03-28,0.0
2017-03-29,0.0
2017-03-30,0.0
2017-03-31,0.0
2017-04-01,0.0
2017-04-02,0.0
2017-04-03,0.0
2017-04-04,0.0
2017-04-05,0.0
2017-04-06,12.639119781734903
2017-04-07,11.769800250788027
2017-04-08,0.6616378984979194
2017-04-09,6.891780484234554
2017-04-10,12.906043296395591
2017-04-11,7.68800165587858
2017-04-12,0.0
2017-04-13,2.6656513677874316
2017-04-14,6.275543954418042
2017-04-15,0.0
2017-04-16,0.0
2017-04-17,0.0
2017-04-18,0.0
2017-04-19,0.0
2017-04-20,0.0
2017-04-21,0.0
2017-04-22,0.0
2017-04-23,8.933686027487386
2017-04-24,0.0
2017-04-25,0.0
2017-04-26,0.0
2017-04-27,0.0
2017-04-28,0.0
2017-04-29,0.0
2017-04-30,0.0
2017-05-01,0.0
2017-05-02,0.0
2017-05-03,0.0
2017-05-04,0.0
2017-05-05,0.0
2017-05-06,0.0
2017-05-07,0.0
2017-05-08,0.0
2017-05-09,0.0
2017-05-10,0.0
2017-05-11,0.0
2017-05-12,0.0
2017-05-13,0.0
2017-05-14,22.77287288040185
2017-05-15,0.5611858545531279
2017-05-16,0.0
2017-05-17,0.0
2017-05-18,0.0
2017-05-19,0.0
2017-05-20,0.0
2017-05-21,0.0
2017-05-22,0.0
2017-05-23,0.0
2017-05-24,0.0
2017-05-25,0.0
2017-05-26,0.0
2017-05-27,0.0
2017-05-28,0.0
2017-05-29,0.0
2017-05-30,0.0
2017-05-31,0.0
2017-06-01,0.0
2017-06-02,0.0
2017-06-03,0.0
2017-06-04,0.0
2017-06-05,2.793072556067919
2017-06-06,0.0
2017-06-07,0.0
2017-06-08,0.0
2017-06-09,0.0
2017-06-10,0.0
2017-06-11,0.0
2017-06-12,0.0
2017-06-13,0.0
2017-06-14,0.0
2017-06-15,0.0
2017-06-16,0.0
2017-06-17,0.0
2017-06-18,0.0
2017-06-19,0.0
2017-06-20,0.04731881723339794
2017-06-21,0.0
2017-06-22,0.0
2017-06-23,0.0
2017-06-24,1.3724472522735598
2017-06-25,0.0
2017-06-26,0.0
2017-06-27,0.0
2017-06-28,0.7764817511424831
2017-06-29,0.0
2017-06-30,0.0
2017-07-01,0.0
2017-07-02,0.0
2017-07-03,0.0
2017-07-04,0.0
2017-07-05,0.0
2017-07-06,0.0
2017-07-07,0.0
2017-07-08,0.0
2017-07-09,0.0
2017-07-10,0.0
2017-07-11,0.0
2017-07-12,0.0
2017-07-13,0.0
2017-07-14,0.0
2017-07-15,0.0
2017-07-16,0.0
2017-07-17,0.0
2017-07-18,0.0
2017-07-19,0.0
2017-07-20,0.0
2017-07-21,0.0
2017-07-22,0.0
2017-07-23,0.0
2017-07-24,0.0
2017-07-25,0.0
2017-07-26,0.0
2017-07-27,0.0
2017-07-28,0.0
2017-07-29,0.0
2017-07-30,0.0
2017-07-31,0.0
2017-08-01,0.0
2017-08-02,0.0
2017-08-03,0.0
2017-08-04,0.0
2017-08-05,0.0
2017-08-06,0.0
2017-08-07,0.0
2017-08-08,0.0
2017-08-09,0.0
2017-08-10,0.0
2017-08-11,0.0
2017-08-12,0.0
2017-08-13,0.0
2017-08-14,0.0
2017-08-15,0.0
2017-08-16,0.0
2017-08-17,0.0
2017-08-18,0.0
2017-08-19,0.0
2017-08-20,0.0
2017-08-21,0.0
2017-08-22,0.0
2017-08-23,0.0
2017-08-24,0.0
2017-08-25,0.0
2017-08-26,0.0
2017-08-27,0.0
2017-08-28,0.0
2017-08-29,0.0
2017-08-30,0.0
2017-08-31,0.0
2017-09-01,0.0
2017-09-02,0.0
2017-09-03,0.0
2017-09-04,0.0
2017-09-05,2.3269214070157815
2017-09-06,0.0
2017-09-07,0.0
2017-09-08,0.0
2017-09-09,0.0
2017-09-10,0.0
2017-09-11,0.0
2017-09-12,0.0
2017-09-13,0.0
2017-09-14,0.0
2017-09-15,0.0
2017-09-16,0.0
2017-09-17,0.0
2017-09-18,0.0
2017-09-19,0.0
2017-09-20,0.0
2017-09-21,0.0
2017-09-22,0.0
2017-09-23,0.0
2017-09-24,0.0
2017-09-25,2.209261912665587
2017-09-26,2.118200930670883
2017-09-27,0.0
2017-09-28,0.0
2017-09-29,2.5222726822886146
2017-09-30,4.9940574144490695
2017-10-01,11.971017437898862
2017-10-02,8.601797242024004
2017-10-03,0.0
2017-10-04,0.0
2017-10-05,4.506101087653076
2017-10-06,14.308130931804913
2017-10-07,14.308130931804913
2017-10-08,9.111543429434391
2017-10-09,0.0
2017-10-10,0.0
2017-10-11,0.0
2017-10-12,0.0
2017-10-13,0.0
2017-10-14,0.0
2017-10-15,0.0
2017-10-16,0.0
2017-10-17,0.0
2017-10-18,0.0
2017-10-19,0.0
2017-10-20,0.0
2017-10-21,6.963253882161955
2017-10-22,5.857577133968096
2017-10-23,0.0
2017-10-24,0.0
2017-10-25,5.052374314349117
2017-10-26,0.24876436370675947
2017-10-27,0.5034306828863437
2017-10-28,0.0
2017-10-29,0.0
2017-10-30,0.0
2017-10-31,0.0
2017-11-01,0.0
2017-11-02,0.0
2017-11-03,0.0
2017-11-04,0.0
2017-11-05,0.0
2017-11-06,0.0
2017-11-07,0.0
2017-11-08,0.0
2017-11-09,5.523513724134182
2017-11-10,0.0
2017-11-11,2.9182900131766316
2017-11-12,7.138329907519424
2017-11-13,0.0
2017-11-14,3.569164953759712
2017-11-15,3.569164953759712
2017-11-16,0.0
2017-11-17,0.0
2017-11-18,0.0
2017-11-19,0.0
2017-11-20,0.0
2017-11-21,4.778674788630448
2017-11-22,15.003034968605576
2017-11-23,0.0
2017-11-24,6.5878527836668885
2017-11-25,11.328673420948991
2017-11-26,0.0
2017-11-27,11.941761428805384
2017-11-28,5.970880714402692
2017-11-29,17.912642388657094
2017-11-30,0.0
2017-12-01,0.0
2017-12-02,8.474379231383377
2017-12-03,4.03789213958085
2017-12-04,6.380181598959349
2017-12-05,7.292276827708095
2017-12-06,25.392566309897813
2017-12-07,0.0
2017-12-08,0.0
2017-12-09,0.0
2017-12-10,11.22574581238993
2017-12-11,5.8113246188531305
2017-12-12,12.239072081836714
2017-12-13,9.843957033665516
2017-12-14,0.0
2017-12-15,0.0
2017-12-16,0.0
2017-12-17,0.0
2017-12-18,0.0
2017-12-19,0.0
2017-12-20,0.0
2017-12-21,10.825451238625295
2017-12-22,0.0
2017-12-23,0.6452496361374793
2017-12-24,0.5236075949434537
2017-12-25,0.0
2017-12-26,5.222701290760149
2017-12-27,0.0
2017-12-28,5.765562616230846
2017-12-29,4.420969678895559
2017-12-30,6.463631587267786
2017-12-31,0.0
2018-01-01,0.0
2018-01-02,0.0
2018-01-03,0.0
2018-01-04,0.0
2018-01-05,0.0
2018-01-06,0.0
2018-01-07,0.0
2018-01-08,0.0
2018-01-09,25.96894933717336
2018-01-10,0.0
2018-01-11,0.0
2018-01-12,0.0
2018-01-13,0.0
2018-01-14,0.0
2018-01-15,6.907511916853761
2018-01-16,0.0
2018-01-17,0.0
2018-01-18,0.0
2018-01-19,0.0
2018-01-20,0.0
2018-01-21,0.0
2018-01-22,0.39542533767944904
2018-01-23,26.30118639630724
2018-01-24,39.6282465876043
2018-01-25,0.0
2018-01-26,6.933361639584277
2018-01-27,33.82887275960244
2018-01-28,6.285893923250802
2018-01-29,15.393421084290024
2018-01-30,13.77445286663468
2018-01-31,0.0
2018-02-01,0.0
2018-02-02,0.0
2018-02-03,1.7868278131420847
2018-02-04,4.707571301507136
2018-02-05,18.159577446654865
2018-02-06,6.164068993175209
2018-02-07,18.801405477449798
2018-02-08,5.583445994519719
2018-02-09,6.164068993175209
2018-02-10,12.328137986350418
2018-02-11,0.0
2018-02-12,0.0
2018-02-13,0.0
2018-02-14,0.0
2018-02-15,2.5370399694151664
2018-02-16,0.0
2018-02-17,0.0
2018-02-18,11.429007079276904
2018-02-19,0.0
2018-02-20,2.367754607143886
2018-02-21,0.0
2018-02-22,0.0
2018-02-23,0.0
2018-02-24,1.6983924883977157
2018-02-25,9.883008744022233
2018-02-26,0.0
2018-02-27,0.0
2018-02-28,0.0
2018-03-01,0.0
2018-03-02,0.0
2018-03-03,0.0
2018-03-04,6.447349832271334
2018-03-05,4.527249815299977
2018-03-06,0.0
2018-03-07,19.986957870736003
2018-03-08,0.0
2018-03-09,0.0
2018-03-10,0.0
2018-03-11,0.0
2018-03-12,0.0
2018-03-13,9.878656830864129
2018-03-14,0.0
2018-03-15,2.562063886165866
2018-03-16,0.0
2018-03-17,0.0
2018-03-18,0.7099782084777327
2018-03-19,12.881299513211475
2018-03-20,2.183445877320891
2018-03-21,10.468562709810323
2018-03-22,23.414193824850955
2018-03-23,0.0
2018-03-24,0.0
2018-03-25,0.0
2018-03-26,0.0
2018-03-27,0.0
2018-03-28,0.0
2018-03-29,0.0
2018-03-30,0.0
2018-03-31,11.411262990770968
2018-04-01,2.57912404908458
2018-04-02,0.0
2018-04-03,0.0
2018-04-04,6.359120382525054
2018-04-05,3.2847206988485134
2018-04-06,0.0
2018-04-07,0.0
2018-04-08,0.0
2018-04-09,5.93145570037159
2018-04-10,7.484672107538656
2018-04-11,10.708367338836716
2018-04-12,0.0
2018-04-13,0.0
2018-04-14,0.0
2018-04-15,0.0
2018-04-16,8.436721434200976
2018-04-17,0.0
2018-04-18,0.0
2018-04-19,0.0
2018-04-20,0.0
2018-04-21,0.0
2018-04-22,0.0
2018-04-23,0.0
2018-04-24,0.0
2018-04-25,0.0
2018-04-26,0.0
2018-04-27,0.0
2018-04-28,1.6385632612146495
2018-04-29,0.0
2018-04-30,0.0
2018-05-01,0.0
2018-05-02,0.0
2018-05-03,0.3518762287548399
2018-05-04,0.0
2018-05-05,0.0
2018-05-06,0.0
2018-05-07,0.0
2018-05-08,0.0
2018-05-09,0.0
2018-05-10,0.0
2018-05-11,0.0
2018-05-12,0.0
2018-05-13,0.0
2018-05-14,17.968559994330015
2018-05-15,0.0
2018-05-16,0.0
2018-05-17,0.0
2018-05-18,0.0
2018-05-19,0.0
2018-05-20,0.0
2018-05-21,0.0
2018-05-22,0.0
2018-05-23,0.0
2018-05-24,0.0
2018-05-25,0.0
2018-05-26,0.0
2018-05-27,0.0
2018-05-28,0.0
2018-05-29,0.0
2018-05-30,0.0
2018-05-31,0.0
2018-06-01,0.0
2018-06-02,0.0
2018-06-03,0.0
2018-06-04,0.0
2018-06-05,0.0
2018-06-06,0.0
2018-06-07,0.0
2018-06-08,0.0
2018-06-09,1.5856400001129216
2018-06-10,0.0
2018-06-11,0.0
2018-06-12,3.5685391992222626
2018-06-13,0.0
2018-06-14,0.0
2018-06-15,0.0
2018-06-16,0.0
2018-06-17,0.0
2018-06-18,0.0
2018-06-19,0.0
2018-06-20,0.0
2018-06-21,0.0
2018-06-22,0.0
2018-06-23,0.0
2018-06-24,0.8959545376260111
2018-06-25,0.0
2018-06-26,0.0
2018-06-27,0.0
2018-06-28,0.843232643647448
2018-06-29,0.0
2018-06-30,0.0
2018-07-01,0.0
2018-07-02,0.0
2018-07-03,0.0
2018-07-04,0.0
2018-07-05,0.0
2018-07-06,0.0
2018-07-07,0.0
2018-07-08,0.0
2018-07-09,0.0
2018-07-10,0.0
2018-07-11,0.0
2018-07-12,0.0
2018-07-13,0.0
2018-07-14,0.0
2018-07-15,0.0
2018-07-16,0.0
2018-07-17,0.0
2018-07-18,0.0
2018-07-19,0.0
2018-07-20,0.0
2018-07-21,0.0
2018-07-22,0.0
2018-07-23,0.0
2018-07-24,0.0
2018-07-25,0.0
2018-07-26,0.0
2018-07-27,0.0
2018-07-28,0.0
2018-07-29,0.0
2018-07-30,0.0
2018-07-31,0.0
2018-08-01,0.0
2018-08-02,0.0
2018-08-03,0.0
2018-08-04,0.0
2018-08-05,0.0
2018-08-06,0.0
2018-08-07,0.0
2018-08-08,0.0
2018-08-09,0.0
2018-08-10,0.0
2018-08-11,0.0
2018-08-12,0.0
2018-08-13,0.0
2018-08-14,0.0
2018-08-15,0.0
2018-08-16,0.0
2018-08-17,0.0018613834437069593
2018-08-18,2.5487595665226688
2018-08-19,0.005218985746337598
2018-08-20,2.2880312391850162e-05
2018-08-21,0.0
2018-08-22,0.0
2018-08-23,0.0
2018-08-24,0.0
2018-08-25,0.0
2018-08-26,0.0
2018-08-27,0.0
2018-08-28,0.0
2018-08-29,0.0
2018-08-30,0.0
2018-08-31,0.0
2018-09-01,0.0
2018-09-02,0.0
2018-09-03,0.0
2018-09-04,0.0
2018-09-05,0.0
2018-09-06,0.0
2018-09-07,9.854922622704343
2018-09-08,0.0
2018-09-09,0.0
2018-09-10,0.0
2018-09-11,0.0
2018-09-12,0.0
2018-09-13,0.0
2018-09-14,0.0
2018-09-15,0.0
2018-09-16,0.0
2018-09-17,0.0
2018-09-18,0.0
2018-09-19,0.0
2018-09-20,0.0
2018-09-21,0.0
2018-09-22,0.0
2018-09-23,0.0
2018-09-24,0.0
2018-09-25,0.0
2018-09-26,0.0
2018-09-27,0.0
2018-09-28,11.23909954400613
2018-09-29,0.0
2018-09-30,0.0
2018-10-01,0.0
2018-10-02,0.0
2018-10-03,0.0
2018-10-04,0.0
2018-10-05,0.0
2018-10-06,0.0
2018-10-07,0.0
2018-10-08,0.0
2018-10-09,4.715234102267894
2018-10-10,0.0
2018-10-11,0.0
2018-10-12,0.0
2018-10-13,21.251388459025552
2018-10-14,10.05798482426201
2018-10-15,0.0
2018-10-16,0.0
2018-10-17,0.0
2018-10-18,0.0
2018-10-19,0.0
2018-10-20,0.7370193184686336
2018-10-21,0.0
2018-10-22,0.0
2018-10-23,0.17113825513856495
2018-10-24,0.0
2018-10-25,0.0
2018-10-26,0.0
2018-10-27,0.0
2018-10-28,0.0
2018-10-29,0.0
2018-10-30,0.33818344815802337
2018-10-31,4.526918684085662
2018-11-01,6.271032378270228
2018-11-02,0.0
2018-11-03,0.0
2018-11-04,0.0
2018-11-05,5.924203049007994
2018-11-06,0.09341503287373093
2018-11-07,0.0
2018-11-08,0.0
2018-11-09,0.0
2018-11-10,0.0
2018-11-11,0.0
2018-11-12,0.0
2018-11-13,0.0
2018-11-14,2.9485180148545536
2018-11-15,3.577726179123912
2018-11-16,0.0
2018-11-17,0.0
2018-11-18,0.0
2018-11-19,14.586121700738788
2018-11-20,0.12669672919133756
2018-11-21,0.05709074941004612
2018-11-22,0.0
2018-11-23,0.0
2018-11-24,2.2968405007205965
2018-11-25,3.9019188806915674
2018-11-26,7.392643195880982
2018-11-27,0.0
2018-11-28,0.0
2018-11-29,0.0
2018-11-30,0.0
2018-12-01,0.0
2018-12-02,5.85279791181222
2018-12-03,0.0
2018-12-04,0.0
2018-12-05,0.0
2018-12-06,0.0
2018-12-07,6.845790578858937
2018-12-08,0.09268989207765567
2018-12-09,13.127013870551066
2018-12-10,0.0
2018-12-11,0.0
2018-12-12,0.0
2018-12-13,0.0
2018-12-14,22.748525611613
2018-12-15,12.48793740526605
2018-12-16,5.827391867186206
2018-12-17,2.1427015834562653
2018-12-18,4.2854031669125305
2018-12-19,0.0
2018-12-20,0.0
2018-12-21,3.0396629446723336
2018-12-22,7.812123900796857
2018-12-23,0.0
2018-12-24,0.0
2018-12-25,3.038855545889573
2018-12-26,0.0
2018-12-27,5.836481734254603
2018-12-28,6.5615400032126345
2018-12-29,9.27142960360429
2018-12-30,13.63359502998585
2018-12-31,27.899817589583698
2019-01-01,48.82595178097934
2019-01-02,0.0
2019-01-03,0.0
2019-01-04,0.0
2019-01-05,6.433797988260094
2019-01-06,13.306238140889663
2019-01-07,0.0
2019-01-08,13.218673046919205
2019-01-09,0.0
2019-01-10,19.95935712894256
2019-01-11,1.9787809524397992
2019-01-12,4.444450810112241
2019-01-13,0.0
2019-01-14,5.148667538776585
2019-01-15,2.2046345334810358
2019-01-16,4.398120610009681
2019-01-17,9.068677984860297
2019-01-18,0.0
2019-01-19,0.0
2019-01-20,0.0
2019-01-21,0.0
2019-01-22,0.0
2019-01-23,0.0
2019-01-24,0.0
2019-01-25,6.980765010184471
2019-01-26,20.073302873353914
2019-01-27,20.073302873353914
2019-01-28,0.0
2019-01-29,0.0
2019-01-30,0.0
2019-01-31,0.0
2019-02-01,5.067552514231644
2019-02-02,9.918195443516007
2019-02-03,0.628473742046445
2019-02-04,4.130748796265666
2019-02-05,5.025007803947028
2019-02-06,0.1364803678682291
2019-02-07,4.221886382840548
2019-02-08,0.0
2019-02-09,2.697236043396727
2019-02-10,0.0
2019-02-11,41.189629570042854
2019-02-12,0.0
2019-02-13,2.411560728583259
2019-02-14,0.0
2019-02-15,0.0
2019-02-16,0.0
2019-02-17,0.0
2019-02-18,0.0
2019-02-19,0.0
2019-02-20,0.0
2019-02-21,0.0
2019-02-22,19.861859969382326
2019-02-23,8.970412098923557
2019-02-24,0.0
2019-02-25,7.642845048721874
2019-02-26,0.0
2019-02-27,0.0
2019-02-28,0.0
2019-03-01,0.0
2019-03-02,0.0
2019-03-03,0.0
2019-03-04,0.0
2019-03-05,12.166767339908699
2019-03-06,0.17362632938943498
2019-03-07,8.157308051084152
2019-03-08,9.213233331787851
2019-03-09,0.0
2019-03-10,0.0
2019-03-11,0.0
2019-03-12,0.0
2019-03-13,0.0
2019-03-14,0.0
2019-03-15,0.0
2019-03-16,0.0
2019-03-17,0.0
2019-03-18,0.33273556043740327
2019-03-19,0.0
2019-03-20,0.0
2019-03-21,0.0
2019-03-22,0.0
2019-03-23,8.510951485463641
2019-03-24,0.04203219248480089
2019-03-25,1.9383676251906286
2019-03-26,0.0
2019-03-27,0.0
2019-03-28,0.0
2019-03-29,0.0
2019-03-30,0.0
2019-03-31,0.0
2019-04-01,11.269935879754204
2019-04-02,10.853657567063204
2019-04-03,3.0948888657318765
2019-04-04,0.5612154100697335
2019-04-05,20.958521737869823
2019-04-06,7.222121135348554
2019-04-07,7.222121135348554
2019-04-08,10.833181836108007
2019-04-09,3.611060567674277
2019-04-10,0.0
2019-04-11,25.43896752666823
2019-04-12,0.6265291314142328
2019-04-13,0.0
2019-04-14,0.0
2019-04-15,0.0
2019-04-16,0.08592583685419564
2019-04-17,0.0
2019-04-18,0.0
2019-04-19,0.0
2019-04-20,3.0244542117940285
2019-04-21,0.0
2019-04-22,8.773504342307591
2019-04-23,2.365936731650801
2019-04-24,0.009606576976966185
2019-04-25,0.12145764997014098
2019-04-26,0.0
2019-04-27,0.0
2019-04-28,0.0
2019-04-29,0.0
2019-04-30,0.0
2019-05-01,0.0
2019-05-02,0.0
2019-05-03,0.10416879274039706
2019-05-04,0.0
2019-05-05,0.0
2019-05-06,0.0
2019-05-07,0.0
2019-05-08,3.2412528785719386
2019-05-09,0.0
2019-05-10,0.0
2019-05-11,0.0
2019-05-12,0.0
2019-05-13,0.0
2019-05-14,0.0
2019-05-15,0.0
2019-05-16,0.0
2019-05-17,0.0
2019-05-18,0.0
2019-05-19,0.0
2019-05-20,0.0
2019-05-21,0.0
2019-05-22,0.0
2019-05-23,0.0
2019-05-24,0.0
2019-05-25,0.0
2019-05-26,3.131185113859497
2019-05-27,0.0
2019-05-28,0.0
2019-05-29,0.05090983322230387
2019-05-30,0.0
2019-05-31,0.0
2019-06-01,0.0
2019-06-02,0.0
2019-06-03,0.0
2019-06-04,0.0
2019-06-05,0.0
2019-06-06,0.0
2019-06-07,0.0
2019-06-08,0.0
2019-06-09,2.4685131085085485
2019-06-10,0.0
2019-06-11,0.0
2019-06-12,0.0
2019-06-13,0.09951071059586654
2019-06-14,0.2450965374661923
2019-06-15,0.0
2019-06-16,2.377050442209653
2019-06-17,0.0
2019-06-18,0.0
2019-06-19,0.0
2019-06-20,0.0
2019-06-21,0.0
2019-06-22,0.0
2019-06-23,0.0
2019-06-24,0.0
2019-06-25,0.0
2019-06-26,0.0
2019-06-27,0.0
2019-06-28,0.0
2019-06-29,0.0
2019-06-30,0.0
2019-07-01,0.0
2019-07-02,0.0
2019-07-03,0.0
2019-07-04,0.0
2019-07-05,0.0
2019-07-06,0.0
2019-07-07,0.0
2019-07-08,0.0
2019-07-09,0.0
2019-07-10,0.0
2019-07-11,0.0
2019-07-12,0.0
2019-07-13,0.0
2019-07-14,0.0
2019-07-15,0.0
2019-07-16,0.0
2019-07-17,0.0
2019-07-18,0.0
2019-07-19,0.0
2019-07-20,0.0
2019-07-21,0.0
2019-07-22,0.0
2019-07-23,0.0
2019-07-24,0.0
2019-07-25,0.0
2019-07-26,0.0
2019-07-27,0.0
2019-07-28,0.0
2019-07-29,0.0
2019-07-30,0.0
2019-07-31,0.0
2019-08-01,0.0
2019-08-02,0.0
2019-08-03,0.0
2019-08-04,0.0
2019-08-05,0.0
2019-08-06,0.0
2019-08-07,0.0
2019-08-08,0.0
2019-08-09,0.0
2019-08-10,0.0
2019-08-11,0.0
2019-08-12,0.0
2019-08-13,0.0
2019-08-14,0.0
2019-08-15,0.0
2019-08-16,0.0
2019-08-17,0.0
2019-08-18,0.0
2019-08-19,0.0
2019-08-20,0.0
2019-08-21,0.0
2019-08-22,0.0
2019-08-23,0.0
2019-08-24,0.0
2019-08-25,0.0
2019-08-26,0.0
2019-08-27,0.0
2019-08-28,0.0
2019-08-29,0.0
2019-08-30,0.0
2019-08-31,0.0
2019-09-01,0.0
2019-09-02,0.0
2019-09-03,0.0
2019-09-04,0.0
2019-09-05,0.06035179852575943
2019-09-06,4.097419902690014
2019-09-07,0.0
2019-09-08,0.0
2019-09-09,0.0
2019-09-10,0.0
2019-09-11,0.0
2019-09-12,0.0
2019-09-13,0.0
2019-09-14,0.0
2019-09-15,3.8061068172721257
2019-09-16,0.0
2019-09-17,0.0
2019-09-18,0.0
2019-09-19,0.0
2019-09-20,0.0
2019-09-21,0.0
2019-09-22,0.0
2019-09-23,0.0
2019-09-24,0.0
2019-09-25,0.0
2019-09-26,0.0
2019-09-27,0.0
2019-09-28,0.0
2019-09-29,0.0
2019-09-30,0.28763215084243676
2019-10-01,2.209625303344411
2019-10-02,0.0
2019-10-03,0.0
2019-10-04,0.0
2019-10-05,0.0
2019-10-06,0.0
2019-10-07,0.24633566974298488
2019-10-08,0.0
2019-10-09,0.0
2019-10-10,0.16915989859512415
2019-10-11,0.0
2019-10-12,0.0
2019-10-13,0.0
2019-10-14,0.0
2019-10-15,0.2767354910446459
2019-10-16,0.0
2019-10-17,0.0
2019-10-18,1.4125127217588314
2019-10-19,0.0
2019-10-20,0.0
2019-10-21,0.0
2019-10-22,0.0
2019-10-23,0.0
2019-10-24,0.0
2019-10-25,2.7180290391145445
2019-10-26,3.1270747776791277
2019-10-27,0.0
2019-10-28,0.0
2019-10-29,0.0
2019-10-30,0.0
2019-10-31,0.0
2019-11-01,18.75194156743428
2019-11-02,18.89064492306065
2019-11-03,0.0
2019-11-04,0.0
2019-11-05,0.0
2019-11-06,0.0
2019-11-07,0.5133203264967616
2019-11-08,5.039766599153893
2019-11-09,3.6664599518793213
2019-11-10,3.863800350767433
2019-11-11,15.01249033172576
2019-11-12,6.96408007321306
2019-11-13,1.7385596622165103
2019-11-14,7.0195223104750255
2019-11-15,0.0
2019-11-16,0.0
2019-11-17,0.0
2019-11-18,4.206790829099526
2019-11-19,0.0
2019-11-20,8.083192708883269
2019-11-21,14.136841921996284
2019-11-22,16.259656409309493
2019-11-23,0.0
2019-11-24,0.0
2019-11-25,0.0
2019-11-26,0.0
2019-11-27,0.0
2019-11-28,1.5647808138841925
2019-11-29,0.0
2019-11-30,0.0
2019-12-01,0.0
2019-12-02,0.0
2019-12-03,0.0
2019-12-04,22.50045857871066
2019-12-05,0.0
2019-12-06,0.0
2019-12-07,0.0
2019-12-08,22.05477439635662
2019-12-09,44.425059778851924
2019-12-10,4.813754207534119
2019-12-11,0.0
2019-12-12,0.0
2019-12-13,0.0
2019-12-14,0.0
2019-12-15,0.0
2019-12-16,0.277383086968751
2019-12-17,0.0
2019-12-18,0.0
2019-12-19,5.443978117959091
2019-12-20,2.7219890589795455
2019-12-21,14.167049602344749
2019-12-22,11.898566667859692
2019-12-23,0.0
2019-12-24,3.7314551215805785
2019-12-25,0.0
2019-12-26,0.0
2019-12-27,0.0
2019-12-28,4.668718537332108
2019-12-29,0.0
2019-12-30,0.0
2019-12-31,5.178971397155193
2020-01-01,8.568626563658817
2020-01-02,5.712417576637406
2020-01-03,0.0
2020-01-04,5.712417576637406
2020-01-05,0.0
2020-01-06,5.015723678403361
2020-01-07,11.346706688866611
2020-01-08,5.015723678403361
2020-01-09,10.031447356806723
2020-01-10,13.80935448164528
2020-01-11,0.0
2020-01-12,0.0
2020-01-13,8.869458898138767
2020-01-14,2.429199000929405
2020-01-15,0.0
2020-01-16,0.0
2020-01-17,0.0
2020-01-18,5.661373831112028
2020-01-19,6.1973096689164064
2020-01-20,0.0
2020-01-21,0.0
2020-01-22,0.0
2020-01-23,0.0
2020-01-24,1.5027493956911706
2020-01-25,0.0
2020-01-26,0.0
2020-01-27,0.0
2020-01-28,0.0
2020-01-29,0.0
2020-01-30,24.493256604924333
2020-01-31,0.0
2020-02-01,0.0
2020-02-02,0.0
2020-02-03,0.0
2020-02-04,0.0
2020-02-05,0.0
2020-02-06,33.039381655768544
2020-02-07,12.492913871248092
2020-02-08,10.843861832991204
2020-02-09,0.0
2020-02-10,10.186355729455844
2020-02-11,0.0
2020-02-12,0.0
2020-02-13,0.0
2020-02-14,0.0
2020-02-15,0.0
2020-02-16,0.0
2020-02-17,0.0
2020-02-18,0.0
2020-02-19,0.0
2020-02-20,0.0
2020-02-21,8.090000177502816
2020-02-22,13.868226635721266
2020-02-23,0.0
2020-02-24,0.0
2020-02-25,0.0
2020-02-26,0.0
2020-02-27,0.0
2020-02-28,1.4551383322899787
2020-02-29,0.0
2020-03-01,27.130242773491176
2020-03-02,0.0
2020-03-03,0.0
2020-03-04,0.0
2020-03-05,0.0
2020-03-06,0.0
2020-03-07,0.0
2020-03-08,0.0
2020-03-09,0.0
2020-03-10,0.0
2020-03-11,0.0
2020-03-12,19.897784213358662
2020-03-13,4.462737838776692
2020-03-14,0.0
2020-03-15,0.0
2020-03-16,0.0
2020-03-17,0.0
2020-03-18,0.0
2020-03-19,0.0
2020-03-20,0.0
2020-03-21,16.11151235139376
2020-03-22,3.5873779976731806
2020-03-23,2.9882434316083546
2020-03-24,0.0
2020-03-25,0.0
2020-03-26,0.0
2020-03-27,0.0
2020-03-28,0.0
2020-03-29,12.228085940697005
2020-03-30,0.0
2020-03-31,0.0
2020-04-01,0.0
2020-04-02,0.0
2020-04-03,2.547851366634142
2020-04-04,0.0
2020-04-05,0.0
2020-04-06,0.0
2020-04-07,0.0
2020-04-08,0.0
2020-04-09,0.0
2020-04-10,3.1737634828531
2020-04-11,15.944677183681119
2020-04-12,0.0
2020-04-13,0.0
2020-04-14,32.46918500474988
2020-04-15,0.0
2020-04-16,0.0
2020-04-17,0.0
2020-04-18,0.0
2020-04-19,0.0
2020-04-20,0.0
2020-04-21,0.0
2020-04-22,0.0
2020-04-23,0.0
2020-04-24,0.0
2020-04-25,0.0
2020-04-26,16.325084253104933
2020-04-27,0.0
2020-04-28,33.76779692837814
2020-04-29,0.0
2020-04-30,0.0
2020-05-01,0.0
2020-05-02,0.0
2020-05-03,0.0
2020-05-04,0.0
2020-05-05,0.0
2020-05-06,0.0
2020-05-07,0.0
2020-05-08,0.0
2020-05-09,0.8521664322686824
2020-05-10,0.0
2020-05-11,0.0
2020-05-12,0.0
2020-05-13,0.0
2020-05-14,0.0
2020-05-15,0.0
2020-05-16,0.0
2020-05-17,2.2335717781676694
2020-05-18,0.0
2020-05-19,0.0
2020-05-20,0.0
2020-05-21,0.0
2020-05-22,3.1393939158611817
2020-05-23,0.0
2020-05-24,0.0
2020-05-25,0.0
2020-05-26,0.0
2020-05-27,0.0
2020-05-28,0.0
2020-05-29,0.0
2020-05-30,0.0
2020-05-31,0.0
2020-06-01,0.0
2020-06-02,2.4438761282139843
2020-06-03,0.9841836206480068
2020-06-04,1.8508072053590585
2020-06-05,0.0016211384759933542
2020-06-06,0.0
2020-06-07,0.0
2020-06-08,0.0
2020-06-09,0.0
2020-06-10,0.0
2020-06-11,4.987367412677653
2020-06-12,0.0
2020-06-13,0.00030112958725750095
2020-06-14,0.0
2020-06-15,0.0
2020-06-16,0.0
2020-06-17,0.0
2020-06-18,0.0
2020-06-19,0.0
2020-06-20,0.0
2020-06-21,0.0
2020-06-22,0.0
2020-06-23,0.0
2020-06-24,0.0
2020-06-25,0.0
2020-06-26,0.0
2020-06-27,0.0
2020-06-28,0.0
2020-06-29,0.0
2020-06-30,0.0
2020-07-01,0.0
2020-07-02,0.0
2020-07-03,0.0
2020-07-04,0.0
2020-07-05,0.0
2020-07-06,0.0
2020-07-07,0.0
2020-07-08,0.0
2020-07-09,0.0
2020-07-10,0.0
2020-07-11,0.0
2020-07-12,0.0
2020-07-13,0.0
2020-07-14,0.0
2020-07-15,0.0
2020-07-16,0.0
2020-07-17,0.0
2020-07-18,0.27416009581187695
2020-07-19,0.5560919290155066
2020-07-20,0.5575450646155742
2020-07-21,0.0
2020-07-22,0.0
2020-07-23,0.0
2020-07-24,0.0
2020-07-25,0.0
2020-07-26,0.0
2020-07-27,0.0
2020-07-28,0.0
2020-07-29,0.0
2020-07-30,0.0
2020-07-31,0.0
2020-08-01,0.0
2020-08-02,0.0
2020-08-03,0.0
2020-08-04,0.0
2020-08-05,0.0
2020-08-06,0.0
2020-08-07,0.0
2020-08-08,0.0
2020-08-09,0.0
2020-08-10,0.0
2020-08-11,0.0
2020-08-12,0.0
2020-08-13,0.0
2020-08-14,0.0
2020-08-15,0.0
2020-08-16,0.0
2020-08-17,0.0
2020-08-18,0.0
2020-08-19,0.0
2020-08-20,0.0
2020-08-21,0.0
2020-08-22,0.0
2020-08-23,0.0
2020-08-24,0.0
2020-08-25,0.0
2020-08-26,0.0
2020-08-27,0.0
2020-08-28,0.0
2020-08-29,0.0
2020-08-30,0.0
2020-08-31,0.0
2020-09-01,0.0
2020-09-02,0.0
2020-09-03,0.0
2020-09-04,0.0
2020-09-05,0.0
2020-09-06,0.0
2020-09-07,0.0
2020-09-08,0.0
2020-09-09,0.0
2020-09-10,0.0
2020-09-11,0.0
2020-09-12,0.0
2020-09-13,0.0
2020-09-14,0.0
2020-09-15,0.0
2020-09-16,11.087360842389513
2020-09-17,1.4798059538207935e-06
2020-09-18,0.05032190428136145
2020-09-19,0.04356759015723208
2020-09-20,0.16765372143298066
2020-09-21,0.0
2020-09-22,0.0
2020-09-23,0.0
2020-09-24,0.0
2020-09-25,0.0
2020-09-26,0.0
2020-09-27,0.0
2020-09-28,0.0
2020-09-29,0.0
2020-09-30,0.0
2020-10-01,13.977562227954659
2020-10-02,0.0
2020-10-03,0.0
2020-10-04,0.0
2020-10-05,19.881462425748982
2020-10-06,0.0
2020-10-07,0.0
2020-10-08,0.0
2020-10-09,0.0
2020-10-10,0.0
2020-10-11,2.836138413967521
2020-10-12,0.0
2020-10-13,0.0
2020-10-14,0.0
2020-10-15,0.0
2020-10-16,0.0
2020-10-17,0.4291109673667312
2020-10-18,0.0
2020-10-19,0.0
2020-10-20,0.0
2020-10-21,0.0
2020-10-22,0.0
2020-10-23,0.0
2020-10-24,0.0
2020-10-25,0.0
2020-10-26,36.617840675634234
2020-10-27,0.4927031829205439
2020-10-28,0.0
2020-10-29,2.0753954198334093e-06
2020-10-30,0.03776259806857045
2020-10-31,30.422070387294117
2020-11-01,30.70234208518954
2020-11-02,0.0
2020-11-03,1.850553863849038
2020-11-04,0.0
2020-11-05,35.34334214906648
2020-11-06,0.0
2020-11-07,0.0
2020-11-08,26.446113777851355
2020-11-09,11.456550887256352
2020-11-10,10.282435120169632
2020-11-11,0.0
2020-11-12,0.0
2020-11-13,0.0
2020-11-14,0.0
2020-11-15,0.0
2020-11-16,0.0
2020-11-17,0.0
2020-11-18,0.0
2020-11-19,0.0
2020-11-20,20.71976198313832
2020-11-21,0.0
2020-11-22,0.4915013725253134
2020-11-23,25.316082127033834
2020-11-24,0.0
2020-11-25,0.0
2020-11-26,0.0
2020-11-27,39.98216732240253
2020-11-28,0.0
2020-11-29,0.0
2020-11-30,0.0
2020-12-01,0.2505394135863437
2020-12-02,0.0
2020-12-03,0.0
2020-12-04,0.0
2020-12-05,0.0
2020-12-06,0.0
2020-12-07,0.0
2020-12-08,0.0
2020-12-09,0.0
2020-12-10,0.0
2020-12-11,5.362242391303112
2020-12-12,37.6167895953025
2020-12-13,6.8820472757741085
2020-12-14,14.38478901098876
2020-12-15,0.0
2020-12-16,0.0
2020-12-17,0.0
2020-12-18,0.0
2020-12-19,3.9308468704697264
2020-12-20,0.0
2020-12-21,0.0
2020-12-22,4.9421047999090435
2020-12-23,34.482816176160405
2020-12-24,0.0
2020-12-25,0.0
2020-12-26,0.0
2020-12-27,2.3422755181203527
2020-12-28,14.877780708326803
2020-12-29,0.0
2020-12-30,0.0
2020-12-31,3.1513065078131475
2021-01-01,24.55140611931751
2021-01-02,0.8905802863407678
2021-01-03,0.0
2021-01-04,0.0
2021-01-05,10.164915900864383
2021-01-06,22.025269442744293
2021-01-07,20.238077746853584
2021-01-08,4.147083264956249
2021-01-09,0.0
2021-01-10,16.65999485431282
2021-01-11,0.0
2021-01-12,0.0
2021-01-13,0.9651953336554862
2021-01-14,13.237523005407091
2021-01-15,0.0
2021-01-16,10.97425120887026
2021-01-17,0.0
2021-01-18,0.0
2021-01-19,0.0
2021-01-20,0.0
2021-01-21,0.0
2021-01-22,0.0
2021-01-23,0.0
2021-01-24,11.28237603133784
2021-01-25,0.0
2021-01-26,0.22998999266567713
2021-01-27,1.3216814671658015
2021-01-28,40.425883914298254
2021-01-29,23.927918104081964
2021-01-30,10.413742053095564
2021-01-31,28.016633213830627
2021-02-01,3.2044013541902956
2021-02-02,0.0
2021-02-03,0.0
2021-02-04,34.45986685380378
2021-02-05,0.34923236529196844
2021-02-06,2.52688424450341
2021-02-07,0.0
2021-02-08,0.08979169013767864
2021-02-09,6.388238375753056
2021-02-10,6.297158846877364
2021-02-11,0.0
2021-02-12,0.0
2021-02-13,0.0
2021-02-14,1.948894724103372
2021-02-15,8.81477469504959
2021-02-16,0.0
2021-02-17,0.0
2021-02-18,0.0
2021-02-19,0.0
2021-02-20,0.0
2021-02-21,0.0
2021-02-22,11.248048644946515
2021-02-23,0.0
2021-02-24,1.8630340477992264
2021-02-25,0.0
2021-02-26,6.633725877506277
2021-02-27,0.0
2021-02-28,0.0
2021-03-01,0.0
2021-03-02,0.0
2021-03-03,0.0
2021-03-04,0.0
2021-03-05,0.0
2021-03-06,11.323388445765877
2021-03-07,0.0
2021-03-08,0.0
2021-03-09,0.0
2021-03-10,0.0
2021-03-11,0.0
2021-03-12,0.0
2021-03-13,0.0
2021-03-14,0.0
2021-03-15,0.0
2021-03-16,0.0
2021-03-17,59.18898814241317
2021-03-18,0.0
2021-03-19,0.0
2021-03-20,0.0
2021-03-21,0.0
2021-03-22,0.0
2021-03-23,0.0
2021-03-24,0.0
2021-03-25,0.0
2021-03-26,0.0
2021-03-27,0.0
2021-03-28,0.0
2021-03-29,16.602453122284523
2021-03-30,0.0
2021-03-31,0.0
2021-04-01,0.6499189632394063
2021-04-02,0.0
2021-04-03,0.0
2021-04-04,0.0
2021-04-05,0.0
2021-04-06,12.659741118480921
2021-04-07,0.0
2021-04-08,0.0
2021-04-09,0.0
2021-04-10,0.0
2021-04-11,0.0
2021-04-12,0.0
2021-04-13,0.0
2021-04-14,0.0
2021-04-15,0.0
2021-04-16,0.0
2021-04-17,0.0
2021-04-18,0.0
2021-04-19,0.0
2021-04-20,0.0
2021-04-21,0.0
2021-04-22,0.0
2021-04-23,0.0
2021-04-24,0.0
2021-04-25,0.0
2021-04-26,0.0
2021-04-27,0.0
2021-04-28,0.0
2021-04-29,0.0
2021-04-30,28.764343973150908
2021-05-01,3.8417418834402097
2021-05-02,0.0
2021-05-03,0.0
2021-05-04,0.0
2021-05-05,0.0
2021-05-06,0.0
2021-05-07,0.0
2021-05-08,0.0
2021-05-09,0.0
2021-05-10,0.0
2021-05-11,0.0
2021-05-12,0.0
2021-05-13,0.0
2021-05-14,0.0
2021-05-15,0.0
2021-05-16,0.0
2021-05-17,0.0
2021-05-18,0.0
2021-05-19,0.0
2021-05-20,0.0
2021-05-21,0.0
2021-05-22,0.0
2021-05-23,0.2791626146280019
2021-05-24,0.0
2021-05-25,0.0
2021-05-26,0.0
2021-05-27,0.0
2021-05-28,0.0
2021-05-29,0.0
2021-05-30,0.0
2021-05-31,4.658811829710523
2021-06-01,0.0
2021-06-02,0.0
2021-06-03,0.0
2021-06-04,0.0
2021-06-05,0.0
2021-06-06,0.0
2021-06-07,0.0
2021-06-08,0.0
2021-06-09,2.8511590387805157
2021-06-10,0.0
2021-06-11,0.0
2021-06-12,0.0
2021-06-13,0.0
2021-06-14,0.0
2021-06-15,0.0
2021-06-16,0.0
2021-06-17,0.0
2021-06-18,0.0
2021-06-19,3.0060661987387576
2021-06-20,0.0
2021-06-21,0.0
2021-06-22,0.0
2021-06-23,0.0
2021-06-24,0.0
2021-06-25,0.0
2021-06-26,0.0
2021-06-27,0.0
2021-06-28,0.0
2021-06-29,0.0
2021-06-30,0.0
2021-07-01,0.0
2021-07-02,0.0
2021-07-03,0.0
2021-07-04,0.0
2021-07-05,0.0
2021-07-06,0.0
2021-07-07,0.0
2021-07-08,0.0
2021-07-09,0.0
2021-07-10,0.0
2021-07-11,0.0
2021-07-12,0.0
2021-07-13,0.0
2021-07-14,0.0
2021-07-15,0.0
2021-07-16,0.0
2021-07-17,0.0
2021-07-18,0.0
2021-07-19,0.0
2021-07-20,0.0
2021-07-21,0.0
2021-07-22,0.0
2021-07-23,0.0
2021-07-24,0.0
2021-07-25,0.0
2021-07-26,0.0
2021-07-27,0.0
2021-07-28,0.0
2021-07-29,0.0
2021-07-30,0.0
2021-07-31,0.0
2021-08-01,0.0
2021-08-02,0.0
2021-08-03,0.0
2021-08-04,0.0
2021-08-05,0.0
2021-08-06,0.0
2021-08-07,0.0
2021-08-08,0.0
2021-08-09,0.0
2021-08-10,0.0
2021-08-11,0.0
2021-08-12,0.0
2021-08-13,0.0
2021-08-14,0.0
2021-08-15,0.0
2021-08-16,0.0
2021-08-17,0.0
2021-08-18,0.0
2021-08-19,0.0
2021-08-20,0.0
2021-08-21,0.0
2021-08-22,0.0
2021-08-23,0.0
2021-08-24,0.0
2021-08-25,0.0
2021-08-26,0.0
2021-08-27,0.0
2021-08-28,0.0
2021-08-29,0.0
2021-08-30,0.0
2021-08-31,0.0
2021-09-01,0.0
2021-09-02,0.0
2021-09-03,0.0
2021-09-04,13.384711309473442
2021-09-05,0.0
2021-09-06,0.0
2021-09-07,1.3927619816167829
2021-09-08,2.730109273369795
2021-09-09,0.0
2021-09-10,0.0
2021-09-11,0.0
2021-09-12,3.0025595504881126
2021-09-13,0.0
2021-09-14,0.0
2021-09-15,0.0
2021-09-16,0.0
2021-09-17,0.0
2021-09-18,0.0
2021-09-19,0.0
2021-09-20,5.7554527530384005
2021-09-21,0.0
2021-09-22,3.7591240348066006
2021-09-23,0.0
2021-09-24,0.0
2021-09-25,0.0
2021-09-26,0.0
2021-09-27,0.0
2021-09-28,0.0
2021-09-29,24.810539042339137
2021-09-30,15.19958270625999
2021-10-01,30.32474193582866
2021-10-02,0.46148687955695483
2021-10-03,0.0
2021-10-04,0.0
2021-10-05,0.0
2021-10-06,0.0
2021-10-07,41.36415607079409
2021-10-08,0.0
2021-10-09,0.0
2021-10-10,0.0
2021-10-11,0.0
2021-10-12,0.0
2021-10-13,0.0
2021-10-14,0.0
2021-10-15,0.0
2021-10-16,0.0
2021-10-17,0.0
2021-10-18,0.0
2021-10-19,0.0
2021-10-20,0.0
2021-10-21,0.0
2021-10-22,0.0
2021-10-23,0.0
2021-10-24,0.0
2021-10-25,0.0
2021-10-26,0.0
2021-10-27,0.0
2021-10-28,0.0
2021-10-29,5.393588043406289
2021-10-30,0.0
2021-10-31,0.0
2021-11-01,0.0
2021-11-02,0.0
2021-11-03,0.0
2021-11-04,2.3524853614594
2021-11-05,7.3824845847846685
2021-11-06,5.5678501067479775
2021-11-07,11.27608710376327
2021-11-08,11.943815897859198
2021-11-09,0.0
2021-11-10,0.0
2021-11-11,0.0
2021-11-12,1.7067325204009538
2021-11-13,0.9289917006001717
2021-11-14,0.6825331525363517
2021-11-15,0.0
2021-11-16,0.0
2021-11-17,9.385644610287056
2021-11-18,9.385644610287056
2021-11-19,0.0
2021-11-20,0.0
2021-11-21,3.4188866001056133
2021-11-22,0.0
2021-11-23,0.0
2021-11-24,0.0
2021-11-25,18.619194049016226
2021-11-26,5.367469096393457
2021-11-27,15.613238962215894
2021-11-28,5.367469096393457
2021-11-29,15.814012225526513
2021-11-30,4.963164076185942
2021-12-01,0.0
2021-12-02,8.903435102966988
2021-12-03,6.302070076701188
2021-12-04,16.416067778108285
2021-12-05,10.521027435247477
2021-12-06,4.368200546709664
2021-12-07,10.230561223353245
2021-12-08,0.0
2021-12-09,0.0
2021-12-10,0.0
2021-12-11,10.13522143149339
2021-12-12,9.168843059791412
2021-12-13,7.746281997317548
2021-12-14,0.0
2021-12-15,0.03720785704413906
2021-12-16,6.953382443222306
2021-12-17,1.910773769784208
2021-12-18,0.0
2021-12-19,0.0
2021-12-20,0.0
2021-12-21,0.0
2021-12-22,0.0
2021-12-23,0.0
2021-12-24,0.0
2021-12-25,15.738416166053929
2021-12-26,0.0
2021-12-27,4.7543311131413715
2021-12-28,0.0
2021-12-29,0.0
2021-12-30,0.0
2021-12-31,17.57413730384523
2022-01-01,0.0
2022-01-02,3.6779595413050132
2022-01-03,7.127039619510926
2022-01-04,0.0
2022-01-05,7.127039619510926
2022-01-06,11.088688751729856
2022-01-07,0.1272759316686639
2022-01-08,0.0
2022-01-09,0.0
2022-01-10,0.0
2022-01-11,0.0
2022-01-12,8.031619407695251
2022-01-13,10.99104079716698
2022-01-14,6.690023748108716
2022-01-15,3.2036925906414697
2022-01-16,0.0
2022-01-17,30.526305889873633
2022-01-18,1.208417632946127
2022-01-19,0.0
2022-01-20,2.2726234045290172
2022-01-21,0.0
2022-01-22,0.0
2022-01-23,0.0
2022-01-24,0.0
2022-01-25,0.0
2022-01-26,0.0
2022-01-27,0.0
2022-01-28,17.901918695433054
2022-01-29,6.980743787600719
2022-01-30,0.0
2022-01-31,0.0
2022-02-01,0.0
2022-02-02,0.0
2022-02-03,0.0
2022-02-04,44.88593324601064
2022-02-05,0.0
2022-02-06,0.0
2022-02-07,0.0
2022-02-08,0.0
2022-02-09,0.0
2022-02-10,15.574823026267346
2022-02-11,0.0
2022-02-12,0.0
2022-02-13,0.0
2022-02-14,0.0
2022-02-15,0.0
2022-02-16,7.927149112768515
2022-02-17,12.878677969082489
2022-02-18,5.977636901443017
2022-02-19,5.977636901443017
2022-02-20,0.0
2022-02-21,0.0
2022-02-22,0.0
2022-02-23,0.0
2022-02-24,0.0
2022-02-25,10.976365720430186
2022-02-26,0.0
2022-02-27,0.0
2022-02-28,10.883910635007336
2022-03-01,0.0
2022-03-02,0.0
2022-03-03,0.0
2022-03-04,27.693425792273747
2022-03-05,2.246482440121607
2022-03-06,0.0
2022-03-07,0.0
2022-03-08,21.758296753419106
2022-03-09,0.0
2022-03-10,0.0
2022-03-11,0.0
2022-03-12,0.0
2022-03-13,0.0
2022-03-14,26.57250484973732
2022-03-15,0.0
2022-03-16,0.0
2022-03-17,0.0
2022-03-18,0.0
2022-03-19,0.0
2022-03-20,0.0
2022-03-21,0.0
2022-03-22,0.0
2022-03-23,0.0
2022-03-24,0.0
2022-03-25,0.0
2022-03-26,0.0
2022-03-27,0.0
2022-03-28,0.0
2022-03-29,0.0
2022-03-30,0.0
2022-03-31,0.0
2022-04-01,0.0
2022-04-02,0.0
2022-04-03,14.704214729056481
2022-04-04,0.0
2022-04-05,0.0
2022-04-06,0.0
2022-04-07,0.0
2022-04-08,13.878724482043442
2022-04-09,32.54438553507687
2022-04-10,4.922090026423281
2022-04-11,0.0
2022-04-12,0.0
2022-04-13,0.0
2022-04-14,0.0
2022-04-15,0.0
2022-04-16,28.532457326029597
2022-04-17,0.0
2022-04-18,0.0
2022-04-19,0.0
2022-04-20,0.0
2022-04-21,0.0
2022-04-22,0.0
2022-04-23,0.0
2022-04-24,0.0
2022-04-25,0.0
2022-04-26,0.0
2022-04-27,0.0
2022-04-28,0.0
2022-04-29,0.0
2022-04-30,0.0
2022-05-01,5.223931995378033
2022-05-02,0.0
2022-05-03,0.0
2022-05-04,0.0
2022-05-05,0.0
2022-05-06,0.0
2022-05-07,0.0
2022-05-08,2.9849711226726288
2022-05-09,0.0
2022-05-10,0.0
2022-05-11,0.0
2022-05-12,0.0
2022-05-13,0.0
2022-05-14,0.0
2022-05-15,0.0
2022-05-16,0.0
2022-05-17,0.0
2022-05-18,0.0
2022-05-19,0.0
2022-05-20,1.9512731001528816
2022-05-21,0.0
2022-05-22,0.0
2022-05-23,0.0
2022-05-24,0.0
2022-05-25,0.0
2022-05-26,0.0
2022-05-27,0.0
2022-05-28,0.0
2022-05-29,0.0
2022-05-30,0.0
2022-05-31,4.8988121376096805
2022-06-01,1.7537778855850212
2022-06-02,0.0
2022-06-03,0.0
2022-06-04,0.0
2022-06-05,0.0
2022-06-06,0.0
2022-06-07,0.0
2022-06-08,0.0
2022-06-09,0.0
2022-06-10,0.0
2022-06-11,0.0
2022-06-12,0.0
2022-06-13,0.0
2022-06-14,1.5287320435016316
2022-06-15,3.3222991099212065
2022-06-16,0.004766114609218667
2022-06-17,0.008080272691057436
2022-06-18,0.0
2022-06-19,0.038367894026694126
2022-06-20,4.408639685576035
2022-06-21,0.0
2022-06-22,0.0
2022-06-23,0.0
2022-06-24,0.0
2022-06-25,0.0
2022-06-26,0.0
2022-06-27,0.0
2022-06-28,0.0
2022-06-29,0.0
2022-06-30,0.0
2022-07-01,0.0
2022-07-02,0.0
2022-07-03,0.0
2022-07-04,0.0
2022-07-05,0.0
2022-07-06,0.0
2022-07-07,0.0
2022-07-08,0.0
2022-07-09,0.0
2022-07-10,0.0
2022-07-11,0.0
2022-07-12,0.0
2022-07-13,0.0
2022-07-14,0.0
2022-07-15,0.0
2022-07-16,0.0
2022-07-17,0.0
2022-07-18,0.0
2022-07-19,0.0
2022-07-20,0.0
2022-07-21,0.0
2022-07-22,0.0
2022-07-23,0.0
2022-07-24,0.0
2022-07-25,0.0
2022-07-26,0.0
2022-07-27,0.0
2022-07-28,0.0
2022-07-29,0.0
2022-07-30,0.0
2022-07-31,0.0
2022-08-01,0.0
2022-08-02,0.0
2022-08-03,0.0
2022-08-04,0.0
2022-08-05,0.0
2022-08-06,0.162569432201869
2022-08-07,0.0
2022-08-08,0.0
2022-08-09,0.0
2022-08-10,0.0
2022-08-11,0.0
2022-08-12,0.0
2022-08-13,0.0
2022-08-14,0.0
2022-08-15,0.0
2022-08-16,0.0
2022-08-17,0.0
2022-08-18,0.0
2022-08-19,0.0
2022-08-20,0.0
2022-08-21,0.0
2022-08-22,0.0
2022-08-23,0.0
2022-08-24,0.0
2022-08-25,0.0
2022-08-26,0.0
2022-08-27,0.0
2022-08-28,0.0
2022-08-29,0.0
2022-08-30,0.2567869226857288
2022-08-31,0.0
2022-09-01,0.0
2022-09-02,0.0
2022-09-03,0.0
2022-09-04,0.0
2022-09-05,0.0
2022-09-06,0.0
2022-09-07,3.3055077760995393
2022-09-08,0.0
2022-09-09,0.0
2022-09-10,0.0
2022-09-11,0.0
2022-09-12,0.0
2022-09-13,0.0
2022-09-14,0.0
2022-09-15,0.0
2022-09-16,0.0
2022-09-17,0.0
2022-09-18,0.0
2022-09-19,0.0
2022-09-20,3.118254919589892
2022-09-21,0.0
2022-09-22,0.0
2022-09-23,0.0
2022-09-24,0.0
2022-09-25,0.0
2022-09-26,0.0
2022-09-27,0.0
2022-09-28,0.0
2022-09-29,0.0
2022-09-30,0.0
2022-10-01,0.0
2022-10-02,0.0
2022-10-03,0.0
2022-10-04,0.0
2022-10-05,0.0
2022-10-06,0.0
2022-10-07,0.0
2022-10-08,0.0
2022-10-09,0.0
2022-10-10,0.0
2022-10-11,0.0
2022-10-12,0.0
2022-10-13,0.0
2022-10-14,0.0
2022-10-15,0.0
2022-10-16,2.2040950463216533
2022-10-17,0.4186575365880581
2022-10-18,0.0
2022-10-19,2.695991303658029
2022-10-20,4.022280240515261
2022-10-21,0.0
2022-10-22,5.288431821311008
2022-10-23,16.89607695428066
2022-10-24,23.13050739665261
2022-10-25,0.0
2022-10-26,0.0
2022-10-27,15.735255625725284
2022-10-28,10.488334898990605
2022-10-29,1.4682289464943656
2022-10-30,0.0
2022-10-31,4.041325198882489
2022-11-01,0.0
2022-11-02,0.0
2022-11-03,0.0
2022-11-04,13.791113669922852
2022-11-05,4.679983708134478
2022-11-06,14.162882361828943
2022-11-07,24.99913649600957
2022-11-08,2.6172163514849194
2022-11-09,0.0
2022-11-10,0.0
2022-11-11,32.65842386828886
2022-11-12,0.09331741668495933
2022-11-13,7.7184029627019
2022-11-14,0.0
2022-11-15,0.0
2022-11-16,0.0
2022-11-17,5.332759965594666
2022-11-18,0.0
2022-11-19,0.7869602161186443
2022-11-20,0.0
2022-11-21,0.0
2022-11-22,0.0
2022-11-23,0.0
2022-11-24,0.0
2022-11-25,0.0
2022-11-26,0.8110537886681239
2022-11-27,17.279132397015722
2022-11-28,0.0
2022-11-29,0.0
2022-11-30,0.0
2022-12-01,0.0
2022-12-02,2.5426689473323356
2022-12-03,4.312693719227451
2022-12-04,0.0
2022-12-05,4.873265794935587
2022-12-06,18.955519926837855
2022-12-07,9.477759963418928
2022-12-08,0.0
2022-12-09,4.738930846025335
2022-12-10,0.0
2022-12-11,5.285752443963854
2022-12-12,7.532976298275478
2022-12-13,5.259674816259867
2022-12-14,0.0
2022-12-15,6.4127406810024405
2022-12-16,0.0
2022-12-17,9.28379678602855
2022-12-18,0.0
2022-12-19,5.1563945144677
2022-12-20,0.0
2022-12-21,7.403274612111005
2022-12-22,0.0
2022-12-23,0.0
2022-12-24,6.398720893721722
2022-12-25,11.242871833106612
2022-12-26,0.0
2022-12-27,0.0
2022-12-28,20.929550968176088
2022-12-29,6.426911475679386
2022-12-30,7.470584302261835
2022-12-31,1.2601701055113292
2023-01-01,22.227408326726717
2023-01-02,0.0
2023-01-03,0.0
2023-01-04,0.0
2023-01-05,11.046132222396132
2023-01-06,11.082204220767348
2023-01-07,0.0
2023-01-08,0.0
2023-01-09,0.0
2023-01-10,0.0
2023-01-11,0.0
2023-01-12,0.0
2023-01-13,0.0
2023-01-14,0.0
2023-01-15,0.0
2023-01-16,0.0
2023-01-17,0.0
2023-01-18,0.3805522099715468
2023-01-19,0.8742919533103474
2023-01-20,0.0
2023-01-21,0.0
2023-01-22,0.0
2023-01-23,0.0
2023-01-24,0.0
2023-01-25,0.0
2023-01-26,0.0
2023-01-27,0.0
2023-01-28,0.0
2023-01-29,0.0
2023-01-30,4.667206661601296
2023-01-31,0.212348588685945
2023-02-01,0.0
2023-02-02,13.089073685371254
2023-02-03,0.0
2023-02-04,0.0
2023-02-05,0.0
2023-02-06,0.0
2023-02-07,1.77572688178207
2023-02-08,0.0
2023-02-09,23.982059982978672
2023-02-10,1.4791848853161098
2023-02-11,0.0
2023-02-12,0.0
2023-02-13,0.0
2023-02-14,0.0
2023-02-15,21.57905954952013
2023-02-16,8.102445579722207
2023-02-17,0.0
2023-02-18,25.678071747773433
2023-02-19,0.0
2023-02-20,12.41243674430709
2023-02-21,0.0
2023-02-22,0.0
2023-02-23,0.0
2023-02-24,0.0
2023-02-25,0.0
2023-02-26,0.0
2023-02-27,0.0
2023-02-28,0.2959476634744407
2023-03-01,0.0
2023-03-02,0.0
2023-03-03,0.0
2023-03-04,0.0
2023-03-05,0.0
2023-03-06,0.0
2023-03-07,15.690794037465169
2023-03-08,0.0
2023-03-09,0.0
2023-03-10,0.0
2023-03-11,0.0
2023-03-12,24.983267146197868
2023-03-13,0.0
2023-03-14,0.0
2023-03-15,11.71971294908282
2023-03-16,0.0
2023-03-17,0.0
2023-03-18,0.0
2023-03-19,0.0
2023-03-20,0.0
2023-03-21,0.0
2023-03-22,0.0
2023-03-23,0.0
2023-03-24,0.0
2023-03-25,0.0
2023-03-26,0.0
2023-03-27,0.0
2023-03-28,0.0
2023-03-29,20.671855049310913
2023-03-30,7.746920034790435
2023-03-31,21.48286176504894
2023-04-01,0.0
2023-04-02,0.0
2023-04-03,0.0
2023-04-04,0.0
2023-04-05,0.0
2023-04-06,0.0
2023-04-07,0.0
2023-04-08,0.0
2023-04-09,17.925005047912126
2023-04-10,16.935464282758605
2023-04-11,0.0
2023-04-12,0.0
2023-04-13,0.0
2023-04-14,0.0
2023-04-15,0.0
2023-04-16,0.0
2023-04-17,0.0
2023-04-18,0.0
2023-04-19,0.0
2023-04-20,0.0
2023-04-21,0.0
2023-04-22,0.0
2023-04-23,0.0
2023-04-24,0.0
2023-04-25,0.0
2023-04-26,0.0
2023-04-27,0.0
2023-04-28,1.4939580235034768
2023-04-29,6.931534760490452
2023-04-30,0.0
2023-05-01,0.0
2023-05-02,0.0
2023-05-03,26.532720971341835
2023-05-04,19.253941176286713
2023-05-05,0.794304155526356
2023-05-06,0.0
2023-05-07,4.713799914238186
2023-05-08,0.32412080325675763
2023-05-09,0.0
2023-05-10,0.0
2023-05-11,0.0
2023-05-12,0.0
2023-05-13,0.0
2023-05-14,0.0
2023-05-15,0.0
2023-05-16,0.0
2023-05-17,0.0
2023-05-18,1.3906476262068415
2023-05-19,0.0
2023-05-20,0.0
2023-05-21,0.0
2023-05-22,0.0
2023-05-23,0.0
2023-05-24,0.0
2023-05-25,0.0
2023-05-26,0.0
2023-05-27,0.0
2023-05-28,0.0
2023-05-29,0.0
2023-05-30,0.0
2023-05-31,0.0
2023-06-01,0.0
2023-06-02,0.0
2023-06-03,0.0
2023-06-04,2.274838315595695
2023-06-05,0.0
2023-06-06,0.0
2023-06-07,0.0
2023-06-08,0.0
2023-06-09,0.0
2023-06-10,0.0
2023-06-11,0.0
2023-06-12,2.2246434640465043
2023-06-13,0.0
2023-06-14,0.0
2023-06-15,0.0
2023-06-16,0.0
2023-06-17,0.0
2023-06-18,0.0
2023-06-19,0.0
2023-06-20,0.0
2023-06-21,0.0
2023-06-22,0.0
2023-06-23,4.666554127341407
2023-06-24,0.0
2023-06-25,0.0
2023-06-26,0.0
2023-06-27,0.0
2023-06-28,0.0
2023-06-29,0.0
2023-06-30,0.0
2023-07-01,0.0
2023-07-02,0.0
2023-07-03,0.0
2023-07-04,0.0
2023-07-05,0.0
2023-07-06,0.0
2023-07-07,0.0
2023-07-08,0.0
2023-07-09,0.0
2023-07-10,0.0
2023-07-11,0.0
2023-07-12,0.0
2023-07-13,0.0
2023-07-14,0.0
2023-07-15,0.0
2023-07-16,0.0
2023-07-17,0.0
2023-07-18,0.0
2023-07-19,0.0
2023-07-20,0.0
2023-07-21,0.0
2023-07-22,0.0
2023-07-23,0.0
2023-07-24,0.0
2023-07-25,0.0
2023-07-26,0.0
2023-07-27,0.0
2023-07-28,0.0
2023-07-29,0.0
2023-07-30,0.0
2023-07-31,0.0
2023-08-01,0.0
2023-08-02,0.0
2023-08-03,0.0
2023-08-04,0.0
2023-08-05,0.0
2023-08-06,0.0
2023-08-07,0.0
2023-08-08,0.0
2023-08-09,0.0
2023-08-10,0.0
2023-08-11,0.0
2023-08-12,0.0
2023-08-13,0.0
2023-08-14,0.0
2023-08-15,0.0
2023-08-16,0.0
2023-08-17,0.0
2023-08-18,0.0
2023-08-19,0.0
2023-08-20,0.0
2023-08-21,0.0
2023-08-22,0.0
2023-08-23,0.0
2023-08-24,0.0
2023-08-25,0.0
2023-08-26,0.0
2023-08-27,0.0
2023-08-28,0.0
2023-08-29,0.0
2023-08-30,0.0
2023-08-31,0.0
2023-09-01,0.0
2023-09-02,0.0
2023-09-03,0.0
2023-09-04,0.0
2023-09-05,0.0
2023-09-06,0.0
2023-09-07,0.0
2023-09-08,0.0
2023-09-09,0.0
2023-09-10,0.0
2023-09-11,0.0
2023-09-12,0.0
2023-09-13,0.0
2023-09-14,0.0
2023-09-15,0.0
2023-09-16,0.0
2023-09-17,0.0
2023-09-18,0.0
2023-09-19,15.627036543627568
2023-09-20,0.0
2023-09-21,0.0
2023-09-22,0.0
2023-09-23,0.0
2023-09-24,0.0
2023-09-25,0.0
2023-09-26,0.0
2023-09-27,0.0
2023-09-28,0.0
2023-09-29,0.0
2023-09-30,0.0
2023-10-01,1.261917812862485
2023-10-02,0.0
2023-10-03,0.0
2023-10-04,0.0
2023-10-05,0.0
2023-10-06,0.0
2023-10-07,0.0
2023-10-08,0.0
2023-10-09,0.0
2023-10-10,1.385627552196268
2023-10-11,0.0
2023-10-12,0.0
2023-10-13,0.0
2023-10-14,0.0
2023-10-15,0.0
2023-10-16,1.0733827170595505
2023-10-17,0.0
2023-10-18,0.0
2023-10-19,0.0
2023-10-20,0.0
2023-10-21,0.08720667030425253
2023-10-22,0.0
2023-10-23,0.0
2023-10-24,0.0
2023-10-25,0.0
2023-10-26,0.0
2023-10-27,0.0
2023-10-28,27.270270668775755
2023-10-29,0.05596512855178509
2023-10-30,0.8630414726940142
2023-10-31,0.0
2023-11-01,0.0
2023-11-02,0.0
2023-11-03,0.0
2023-11-04,1.9092297936373896
2023-11-05,0.0
2023-11-06,0.0
2023-11-07,21.304239319447593
2023-11-08,0.0
2023-11-09,0.0
2023-11-10,0.0
2023-11-11,0.0
2023-11-12,2.7634054730114883
2023-11-13,0.0
2023-11-14,0.0
2023-11-15,0.0
2023-11-16,2.371113872503408
2023-11-17,6.213049944237731
2023-11-18,2.235957488949534
2023-11-19,0.0
2023-11-20,2.5838304523106874
2023-11-21,4.879468417821371
2023-11-22,0.0
2023-11-23,0.0
2023-11-24,0.0
2023-11-25,0.0
2023-11-26,0.0
2023-11-27,4.389919957532453
2023-11-28,4.160155026208412
2023-11-29,0.0
2023-11-30,0.0
2023-12-01,0.0
2023-12-02,0.0
2023-12-03,0.0
2023-12-04,0.0
2023-12-05,0.0
2023-12-06,2.324492014940699
2023-12-07,3.5620217643990397
2023-12-08,0.0
2023-12-09,0.0
2023-12-10,28.05850784925371
2023-12-11,0.0
2023-12-12,0.0
2023-12-13,0.0
2023-12-14,0.0
2023-12-15,48.3689869438128
2023-12-16,22.13180629317771
2023-12-17,0.0
2023-12-18,0.0
2023-12-19,0.0
2023-12-20,0.0
2023-12-21,0.0
2023-12-22,0.0
2023-12-23,0.0
2023-12-24,4.767938602050844
2023-12-25,41.45398728143225
2023-12-26,30.01318602899906
2023-12-27,0.0
2023-12-28,0.0
2023-12-29,0.0
2023-12-30,0.0
